experiment_id,query_id,support_id,prompt,prompt_type,query_region,support_region,support_gsd,query_gsd,GSD_METADATA_CONFLICT,seed,slot_id,checkpoint_digest,model_version,model_git_commit,runtime_ms,wall_ms,peak_gpu_memory_mb,prob_mean,prob_std,prob_max,p90,p95,p99,valid_pixels,fg_ratio@0.3,fg_ratio@0.5,fg_ratio@0.7,IoU,Precision,Recall,F1,false_positive_area,gt_status,TP,FP,FN,false_negative_area,area_units,core_prob_mean,core_prob_std,core_prob_max,core_p90,core_p95,core_p99,core_valid_pixels,core_fg_ratio@0.3,core_fg_ratio@0.5,core_fg_ratio@0.7,core_IoU,core_Precision,core_Recall,core_F1,core_false_positive_area,core_gt_status,core_TP,core_FP,core_FN,core_false_negative_area,common_core
Q-urban-1-1m__P1-1m,Q-urban-1-1m,P1-1m,P1,building,urban,urban,1.0,1.0,False,42,24,32a08982baea125f60feb95fe0a04dfe450ec9c12ee846384cbadd8ff6c5661c,research-v1,cb0c6b774471ad3314354041c8fa6aae7d49a9bb,248.17830801475793,784.7000829933677,11501.28173828125,0.07056614011526108,0.16276848316192627,0.9890762567520142,0.26524055004119873,0.4668910801410675,0.7721756100654602,262121,0.09129371549780445,0.042091247935113936,0.01614521537763094,0.22750601072683557,0.8919604821897943,0.23395302396348422,0.37068007608716125,1192.0,official_human_vectors,9841,1192,32223,32223.0,m2,0.07058203220367432,0.1627885401248932,0.9890762567520142,0.26528283953666687,0.4669701159000397,0.7722815871238708,262033,0.09130910992126946,0.042105383673048814,0.016150637515122142,0.22755335630217124,0.8919604821897943,0.2340030911901082,0.3707429174201326,1192,human_approved,9841,1192,32214,32214,
Q-urban-1-1m__P1-2m,Q-urban-1-1m,P1-2m,P1,building,urban,urban,2.0,1.0,False,42,24,32a08982baea125f60feb95fe0a04dfe450ec9c12ee846384cbadd8ff6c5661c,research-v1,cb0c6b774471ad3314354041c8fa6aae7d49a9bb,241.58479901961982,701.5444170101546,11501.28173828125,0.028900180011987686,0.09184365719556808,0.9602079391479492,0.07517953962087631,0.13803265988826752,0.5207003951072693,262121,0.0169005917114615,0.010537118353737397,0.006336768133800802,0.06169915444920774,0.943157132512672,0.06192944085203499,0.11622718957747735,157.0,official_human_vectors,2605,157,39459,39459.0,m2,0.028905577957630157,0.09185758233070374,0.9602079391479492,0.07520941644906998,0.13805437088012695,0.5209625363349915,262033,0.01690626753118882,0.01054065709280892,0.006338896245892693,0.061712309295934804,0.943157132512672,0.06194269409107122,0.11625052993283798,157,human_approved,2605,157,39450,39450,
Q-urban-1-1m__P2-1m,Q-urban-1-1m,P2-1m,P2,building,urban,urban,1.0,1.0,False,42,24,32a08982baea125f60feb95fe0a04dfe450ec9c12ee846384cbadd8ff6c5661c,research-v1,cb0c6b774471ad3314354041c8fa6aae7d49a9bb,244.82008500490338,1118.4973329945933,11501.28173828125,0.04474756866693497,0.0823303610086441,0.7698342204093933,0.12538191676139832,0.18676486611366272,0.38596054911613464,262121,0.015126601836556399,0.0070921444676313615,0.004181275059991378,0.04407045567995436,0.9973103819257665,0.04407569418029669,0.08442046308312273,5.0,official_human_vectors,1854,5,40210,40210.0,m2,0.044743046164512634,0.08233742415904999,0.7698342204093933,0.12536989152431488,0.18676738440990448,0.3862001597881317,262033,0.015131681887395863,0.007094526261959371,0.004182679280853938,0.04407988587731812,0.9973103819257665,0.04408512661990251,0.08443776472195655,5,human_approved,1854,5,40201,40201,
Q-urban-1-1m__P2-2m,Q-urban-1-1m,P2-2m,P2,building,urban,urban,2.0,1.0,False,42,24,32a08982baea125f60feb95fe0a04dfe450ec9c12ee846384cbadd8ff6c5661c,research-v1,cb0c6b774471ad3314354041c8fa6aae7d49a9bb,247.05543008167297,817.0059169933666,11501.28173828125,0.011933269910514355,0.034120652824640274,0.5305657982826233,0.02610446885228157,0.06274507194757462,0.18747402727603912,262121,0.0015069376356720752,4.196535187947551e-05,0.0,0.0,0.0,0.0,0.0,11.0,official_human_vectors,0,11,42064,42064.0,m2,0.011919948272407055,0.03410004451870918,0.5305657982826233,0.02605428732931614,0.06255463510751724,0.18746650218963623,262033,0.0015074437189208992,4.19794453370377e-05,0.0,0.0,0.0,0.0,0.0,11,human_approved,0,11,42055,42055,
Q-urban-1-1m__P3-1m,Q-urban-1-1m,P3-1m,P3,building,urban,urban,1.0,1.0,False,42,24,32a08982baea125f60feb95fe0a04dfe450ec9c12ee846384cbadd8ff6c5661c,research-v1,cb0c6b774471ad3314354041c8fa6aae7d49a9bb,244.66748407576233,778.6770830280147,11501.28173828125,0.012362885288894176,0.04722680151462555,0.6758859157562256,0.02368609607219696,0.041922666132450104,0.2251003235578537,262121,0.007176075171390312,0.003975263332583043,0.0,0.024771776340813997,1.0,0.024771776340813997,0.048345937920475104,0.0,official_human_vectors,1042,0,41022,41022.0,m2,0.012365322560071945,0.04723428189754486,0.6758859157562256,0.023690728470683098,0.04192745313048363,0.22522911429405212,262033,0.007178485152633447,0.0039765983673812075,0.0,0.024777077636428488,1.0,0.024777077636428488,0.04835603406269578,0,human_approved,1042,0,41013,41013,
Q-urban-1-1m__P3-2m,Q-urban-1-1m,P3-2m,P3,building,urban,urban,2.0,1.0,False,42,24,32a08982baea125f60feb95fe0a04dfe450ec9c12ee846384cbadd8ff6c5661c,research-v1,cb0c6b774471ad3314354041c8fa6aae7d49a9bb,245.52972300443798,708.1004589854274,11501.28173828125,0.011953139677643776,0.046857286244630814,0.667332112789154,0.022950902581214905,0.04752182215452194,0.18088801205158234,262121,0.0076109888181412405,0.0036242803895910666,0.0,0.022584632940281475,1.0,0.022584632940281475,0.044171665039289536,0.0,official_human_vectors,950,0,41114,41114.0,m2,0.01195292267948389,0.04686422646045685,0.667332112789154,0.022942934185266495,0.047521818429231644,0.18089815974235535,262033,0.007613544858853656,0.0036254975518350743,0.0,0.0225894661752467,1.0,0.0225894661752467,0.04418090919660505,0,human_approved,950,0,41105,41105,
Q-urban-1-1m__W-vegetation-1m,Q-urban-1-1m,W-vegetation-1m,W-vegetation,wrong,urban,outskirts,1.0,1.0,False,42,24,32a08982baea125f60feb95fe0a04dfe450ec9c12ee846384cbadd8ff6c5661c,research-v1,cb0c6b774471ad3314354041c8fa6aae7d49a9bb,242.28628096170723,679.882041993551,11501.28173828125,0.03191027417778969,0.10094263404607773,0.817736804485321,0.05157378688454628,0.19400528073310852,0.5564000606536865,262121,0.03719656189317148,0.01604602454591582,0.00446740245916962,0.0,0.0,0.0,0.0,4206.0,official_human_vectors,0,4206,42064,42064.0,m2,0.03191976249217987,0.10095823556184769,0.817736804485321,0.05160025507211685,0.19405655562877655,0.5564271807670593,262033,0.037209053821465235,0.016051413371598235,0.004468902771788286,0.0,0.0,0.0,0.0,4206,human_approved,0,4206,42055,42055,
Q-urban-1-1m__W-field-1m,Q-urban-1-1m,W-field-1m,W-field,wrong,urban,outskirts,1.0,1.0,False,42,24,32a08982baea125f60feb95fe0a04dfe450ec9c12ee846384cbadd8ff6c5661c,research-v1,cb0c6b774471ad3314354041c8fa6aae7d49a9bb,243.2152930414304,661.605375004001,11501.28173828125,0.027388473972678185,0.06390486657619476,0.6236781477928162,0.057952094823122025,0.1292809396982193,0.34751567244529724,262121,0.015855272946463658,0.002842198831837205,0.0,0.0,0.0,0.0,0.0,745.0,official_human_vectors,0,745,42064,42064.0,m2,0.0273944940418005,0.06391454488039017,0.6236781477928162,0.057964734733104706,0.1293419599533081,0.34756770730018616,262033,0.015860597710975335,0.0028431533432811897,0.0,0.0,0.0,0.0,0.0,745,human_approved,0,745,42055,42055,
Q-urban-1-1.5m__P1-1m,Q-urban-1-1.5m,P1-1m,P1,building,urban,urban,1.0,1.5,False,42,24,32a08982baea125f60feb95fe0a04dfe450ec9c12ee846384cbadd8ff6c5661c,research-v1,cb0c6b774471ad3314354041c8fa6aae7d49a9bb,248.42066201381385,802.8950419975445,11501.28173828125,0.09106136858463287,0.1698741465806961,0.8974499106407166,0.3423435091972351,0.5172495245933533,0.7204307913780212,262120,0.11960933923393866,0.0538417518693728,0.013383183274835952,0.2110758683189188,0.7591582229150429,0.22622466216216217,0.3485757975045955,7647.75,official_human_vectors,10714,3399,36646,82453.5,m2,0.0563519261777401,0.12562386691570282,0.8543438911437988,0.20196819305419922,0.32855144143104553,0.6505116820335388,262033,0.05955356768040666,0.021398068182251855,0.006689997061438827,0.12702766611492078,0.9580881041555199,0.1277374866246582,0.22542067055515924,235,human_approved,5372,235,36683,36683,
Q-urban-1-1.5m__P1-1.5m,Q-urban-1-1.5m,P1-1.5m,P1,building,urban,urban,1.5,1.5,False,42,24,32a08982baea125f60feb95fe0a04dfe450ec9c12ee846384cbadd8ff6c5661c,research-v1,cb0c6b774471ad3314354041c8fa6aae7d49a9bb,246.89961003605276,786.787709017517,11501.28173828125,0.03604990243911743,0.0769134908914566,0.5393186211585999,0.12576769292354584,0.21471662819385529,0.3780486583709717,262120,0.0234701663360293,0.00011445139630703495,0.0,0.000633445945945946,1.0,0.000633445945945946,0.0012660898923823592,0.0,official_human_vectors,30,0,47330,106492.5,m2,0.016234571114182472,0.03877708315849304,0.4761013984680176,0.05116396024823189,0.09613640606403351,0.19104334712028503,262033,0.001568504730320227,0.0,0.0,0.0,,0.0,0.0,0,human_approved,0,0,42055,42055,
Q-urban-1-1.5m__P2-1m,Q-urban-1-1.5m,P2-1m,P2,building,urban,urban,1.0,1.5,False,42,24,32a08982baea125f60feb95fe0a04dfe450ec9c12ee846384cbadd8ff6c5661c,research-v1,cb0c6b774471ad3314354041c8fa6aae7d49a9bb,244.94769901502877,696.1228330037557,11501.28173828125,0.06291449069976807,0.09074067324399948,0.5994424223899841,0.19572687149047852,0.2615474462509155,0.40661749243736267,262120,0.0333015412788036,0.0011941095681367313,0.0,0.004742033383915023,0.7188498402555911,0.004750844594594595,0.009439305267132339,198.0,official_human_vectors,225,88,47135,106053.75,m2,0.051729485392570496,0.07763133198022842,0.5215139389038086,0.16593824326992035,0.22002087533473969,0.3480875790119171,262033,0.017310796731709367,0.00037018238160842334,0.0,0.002306503388419926,1.0,0.002306503388419926,0.004602391345606377,0,human_approved,97,0,41958,41958,
Q-urban-1-1.5m__P2-1.5m,Q-urban-1-1.5m,P2-1.5m,P2,building,urban,urban,1.5,1.5,False,42,24,32a08982baea125f60feb95fe0a04dfe450ec9c12ee846384cbadd8ff6c5661c,research-v1,cb0c6b774471ad3314354041c8fa6aae7d49a9bb,245.1134379953146,695.5897499865387,11501.28173828125,0.004303117282688618,0.012230725958943367,0.19926723837852478,0.009577100165188313,0.020261375233530998,0.05981658771634102,262120,0.0,0.0,0.0,0.0,,0.0,0.0,0.0,official_human_vectors,0,0,47360,106560.0,m2,0.002671704860404134,0.007445088122040033,0.13540270924568176,0.006072881631553173,0.010526217520236969,0.034899696707725525,262033,0.0,0.0,0.0,0.0,,0.0,0.0,0,human_approved,0,0,42055,42055,
Q-urban-1-1.5m__P3-1m,Q-urban-1-1.5m,P3-1m,P3,building,urban,urban,1.0,1.5,False,42,24,32a08982baea125f60feb95fe0a04dfe450ec9c12ee846384cbadd8ff6c5661c,research-v1,cb0c6b774471ad3314354041c8fa6aae7d49a9bb,243.24391596019268,708.7603749823757,11501.28173828125,0.014759768731892109,0.029337173327803612,0.33785390853881836,0.04162660241127014,0.06982387602329254,0.15072031319141388,262120,0.00043873035251030065,0.0,0.0,0.0,,0.0,0.0,0.0,official_human_vectors,0,0,47360,106560.0,m2,0.008587630465626717,0.013401545584201813,0.15663807094097137,0.024871669709682465,0.03756135702133179,0.06216416880488396,262033,0.0,0.0,0.0,0.0,,0.0,0.0,0,human_approved,0,0,42055,42055,
Q-urban-1-1.5m__P3-1.5m,Q-urban-1-1.5m,P3-1.5m,P3,building,urban,urban,1.5,1.5,False,42,24,32a08982baea125f60feb95fe0a04dfe450ec9c12ee846384cbadd8ff6c5661c,research-v1,cb0c6b774471ad3314354041c8fa6aae7d49a9bb,246.18174997158349,794.1837499965914,11501.28173828125,0.006899111904203892,0.023489197716116905,0.4268326461315155,0.010968206450343132,0.023283418267965317,0.12962140142917633,262120,0.0009385014497176866,0.0,0.0,0.0,,0.0,0.0,0.0,official_human_vectors,0,0,47360,106560.0,m2,0.006121010519564152,0.023012612015008926,0.36621806025505066,0.008896572515368462,0.01783224195241928,0.1203216165304184,262033,0.001137261337312476,0.0,0.0,0.0,,0.0,0.0,0,human_approved,0,0,42055,42055,
Q-urban-1-1.5m__W-vegetation-1.5m,Q-urban-1-1.5m,W-vegetation-1.5m,W-vegetation,wrong,urban,outskirts,1.5,1.5,False,42,24,32a08982baea125f60feb95fe0a04dfe450ec9c12ee846384cbadd8ff6c5661c,research-v1,cb0c6b774471ad3314354041c8fa6aae7d49a9bb,244.84069703612477,704.6430830087047,11501.28173828125,0.018609924241900444,0.060722045600414276,0.7895883321762085,0.038772255182266235,0.08877098560333252,0.29261213541030884,262120,0.009571951777811689,0.005615748512131848,0.000793529681062109,0.0,0.0,0.0,0.0,3312.0,official_human_vectors,0,1472,47360,106560.0,m2,0.013459129258990288,0.03353022783994675,0.49083253741264343,0.031142815947532654,0.06752040237188339,0.1934918910264969,262033,0.000851037846378128,0.0,0.0,0.0,,0.0,0.0,0,human_approved,0,0,42055,42055,
Q-urban-1-1.5m__W-field-1.5m,Q-urban-1-1.5m,W-field-1.5m,W-field,wrong,urban,outskirts,1.5,1.5,False,42,24,32a08982baea125f60feb95fe0a04dfe450ec9c12ee846384cbadd8ff6c5661c,research-v1,cb0c6b774471ad3314354041c8fa6aae7d49a9bb,247.46812402736396,736.6374169941992,11501.28173828125,0.018060065805912018,0.0386163555085659,0.44280755519866943,0.045848533511161804,0.08128410577774048,0.21031808853149414,262120,0.003238974515489089,0.0,0.0,0.0,,0.0,0.0,0.0,official_human_vectors,0,0,47360,106560.0,m2,0.017374388873577118,0.029768476262688637,0.27550551295280457,0.04772485792636871,0.0775165855884552,0.1446903944015503,262033,0.0,0.0,0.0,0.0,,0.0,0.0,0,human_approved,0,0,42055,42055,
Q-urban-1-2m__P1-1m,Q-urban-1-2m,P1-1m,P1,building,urban,urban,1.0,2.0,False,42,24,32a08982baea125f60feb95fe0a04dfe450ec9c12ee846384cbadd8ff6c5661c,research-v1,cb0c6b774471ad3314354041c8fa6aae7d49a9bb,245.21711294073611,718.1813750066794,11501.28173828125,0.09053543210029602,0.17688065767288208,0.9349086284637451,0.31908050179481506,0.5203115344047546,0.8196073770523071,262121,0.1058595076319715,0.05304420477565704,0.02520591635160861,0.13269631565933096,0.5403481012658228,0.14958090270173413,0.23430166378194633,25564.0,official_human_vectors,7513,6391,42714,170856.0,m2,0.05988975614309311,0.1120578944683075,0.8379963040351868,0.1948811262845993,0.3213059604167938,0.5166510939598083,262033,0.05535180683349044,0.012154957581678644,0.0011601592165872236,0.0679130373203031,0.9032967032967033,0.06841041493282606,0.12718832891246684,308,human_approved,2877,308,39178,39178,
Q-urban-1-2m__P1-2m,Q-urban-1-2m,P1-2m,P1,building,urban,urban,2.0,2.0,False,42,24,32a08982baea125f60feb95fe0a04dfe450ec9c12ee846384cbadd8ff6c5661c,research-v1,cb0c6b774471ad3314354041c8fa6aae7d49a9bb,247.42530495859683,701.039417006541,11501.28173828125,0.035615332424640656,0.10249121487140656,0.8140850067138672,0.0829266682267189,0.20522326231002808,0.6054714918136597,262121,0.03452985453283026,0.016892961647483416,0.003330522926434738,0.0597599519128226,0.6960252935862692,0.0613614191570271,0.11278016649894794,5384.0,official_human_vectors,3082,1346,47145,188580.0,m2,0.014750265516340733,0.04242721199989319,0.7093738317489624,0.0343184731900692,0.07949477434158325,0.21373191475868225,262033,0.0028851327886182275,0.0011487102769498498,0.00030148874378417985,0.006822125555634791,0.9534883720930233,0.006824396623469267,0.013551799036736235,14,human_approved,287,14,41768,41768,
Q-urban-1-2m__P2-1m,Q-urban-1-2m,P2-1m,P2,building,urban,urban,1.0,2.0,False,42,24,32a08982baea125f60feb95fe0a04dfe450ec9c12ee846384cbadd8ff6c5661c,research-v1,cb0c6b774471ad3314354041c8fa6aae7d49a9bb,244.69476600643247,700.4867090145126,11501.28173828125,0.0981789082288742,0.12812623381614685,0.6964340806007385,0.304142028093338,0.3911879360675812,0.5013539791107178,262121,0.10331488129527966,0.0102815112104715,0.0,0.03563531046359171,0.67569573283859,0.03625540048181257,0.06881826083670307,3496.0,official_human_vectors,1821,874,48406,193624.0,m2,0.0809316411614418,0.11678801476955414,0.5836707949638367,0.2652597725391388,0.37110453844070435,0.47432979941368103,262033,0.0834780352093057,0.0057969797697236605,0.0,0.034544979700372756,0.9578670177748518,0.034597550826298895,0.06678294395740579,64,human_approved,1455,64,40600,40600,
Q-urban-1-2m__P2-2m,Q-urban-1-2m,P2-2m,P2,building,urban,urban,2.0,2.0,False,42,24,32a08982baea125f60feb95fe0a04dfe450ec9c12ee846384cbadd8ff6c5661c,research-v1,cb0c6b774471ad3314354041c8fa6aae7d49a9bb,243.67030698340386,707.7075830020476,11501.28173828125,0.0035106658469885588,0.009469221346080303,0.21825647354125977,0.007786843925714493,0.01203253772109747,0.028556285426020622,262121,0.0,0.0,0.0,0.0,,0.0,0.0,0.0,official_human_vectors,0,0,50227,200908.0,m2,0.002433129120618105,0.005897433962672949,0.14929555356502533,0.00535231688991189,0.008552202954888344,0.01930813677608967,262033,0.0,0.0,0.0,0.0,,0.0,0.0,0,human_approved,0,0,42055,42055,
Q-urban-1-2m__P3-1m,Q-urban-1-2m,P3-1m,P3,building,urban,urban,1.0,2.0,False,42,24,32a08982baea125f60feb95fe0a04dfe450ec9c12ee846384cbadd8ff6c5661c,research-v1,cb0c6b774471ad3314354041c8fa6aae7d49a9bb,244.4960359716788,926.215665997006,11501.28173828125,0.014901320450007915,0.034070055931806564,0.3078758418560028,0.039370596408843994,0.07862523198127747,0.18757523596286774,262121,0.00012971108762746975,0.0,0.0,0.0,,0.0,0.0,0.0,official_human_vectors,0,0,50227,200908.0,m2,0.007762671448290348,0.015541673637926579,0.23843593895435333,0.019925829023122787,0.0359983965754509,0.08025681227445602,262033,0.0,0.0,0.0,0.0,,0.0,0.0,0,human_approved,0,0,42055,42055,
Q-urban-1-2m__P3-2m,Q-urban-1-2m,P3-2m,P3,building,urban,urban,2.0,2.0,False,42,24,32a08982baea125f60feb95fe0a04dfe450ec9c12ee846384cbadd8ff6c5661c,research-v1,cb0c6b774471ad3314354041c8fa6aae7d49a9bb,241.4438349660486,700.25470899418,11501.28173828125,0.003773125819861889,0.011380093172192574,0.2192874550819397,0.007912020199000835,0.01689213141798973,0.05417710542678833,262121,0.0,0.0,0.0,0.0,,0.0,0.0,0.0,official_human_vectors,0,0,50227,200908.0,m2,0.0022515489254146814,0.0066899810917675495,0.13204552233219147,0.005063300020992756,0.00918862596154213,0.02679014764726162,262033,0.0,0.0,0.0,0.0,,0.0,0.0,0,human_approved,0,0,42055,42055,
Q-urban-1-2m__W-vegetation-2m,Q-urban-1-2m,W-vegetation-2m,W-vegetation,wrong,urban,outskirts,2.0,2.0,False,42,24,32a08982baea125f60feb95fe0a04dfe450ec9c12ee846384cbadd8ff6c5661c,research-v1,cb0c6b774471ad3314354041c8fa6aae7d49a9bb,245.72396092116833,696.2137919908855,11501.28173828125,0.02128271758556366,0.05387390777468681,0.7494747638702393,0.036850593984127045,0.07953254133462906,0.3189288377761841,262121,0.01089573136070746,0.0024339904090095797,0.0002060117274083343,0.0,0.0,0.0,0.0,2552.0,official_human_vectors,0,638,50227,200908.0,m2,0.0154463741928339,0.025418270379304886,0.3413980305194855,0.03082021325826645,0.045184340327978134,0.14096157252788544,262033,0.0005190185968942843,0.0,0.0,0.0,,0.0,0.0,0,human_approved,0,0,42055,42055,
Q-urban-1-2m__W-field-2m,Q-urban-1-2m,W-field-2m,W-field,wrong,urban,outskirts,2.0,2.0,False,42,24,32a08982baea125f60feb95fe0a04dfe450ec9c12ee846384cbadd8ff6c5661c,research-v1,cb0c6b774471ad3314354041c8fa6aae7d49a9bb,245.30626798514277,685.2531250042375,11501.28173828125,0.014121306128799915,0.04370605945587158,0.5909597277641296,0.021193740889430046,0.05838393047451973,0.24946719408035278,262121,0.006676305980825649,0.0006447404061483055,0.0,0.0,0.0,0.0,0.0,676.0,official_human_vectors,0,169,50227,200908.0,m2,0.009389313869178295,0.021831033751368523,0.2938382029533386,0.017443427816033363,0.029724717140197754,0.1336338371038437,262033,0.0,0.0,0.0,0.0,,0.0,0.0,0,human_approved,0,0,42055,42055,
Q-urban-1-3m__P1-1m,Q-urban-1-3m,P1-1m,P1,building,urban,urban,1.0,3.0,False,42,24,32a08982baea125f60feb95fe0a04dfe450ec9c12ee846384cbadd8ff6c5661c,research-v1,cb0c6b774471ad3314354041c8fa6aae7d49a9bb,246.79388897493482,712.0788340107538,11501.28173828125,0.05012275651097298,0.1058649867773056,0.7813706994056702,0.15233151614665985,0.2513084411621094,0.5831182599067688,262113,0.03828501447848828,0.016057959734923487,0.0022356769790128684,0.03862607393675805,0.5148491328106438,0.040085090640029596,0.07437917245876881,18378.0,official_human_vectors,2167,2042,51893,467037.0,m2,0.0881933867931366,0.10629734396934509,0.7473297715187073,0.25177493691444397,0.3148956894874573,0.4204549193382263,262033,0.06285467860918281,0.00457575954173711,0.00047322283834478864,0.00919272048530098,0.3286071726438699,0.009368683866365473,0.018217968280390254,805,human_approved,394,805,41661,41661,
Q-urban-1-3m__P1-3m,Q-urban-1-3m,P1-3m,P1,building,urban,urban,3.0,3.0,False,42,24,32a08982baea125f60feb95fe0a04dfe450ec9c12ee846384cbadd8ff6c5661c,research-v1,cb0c6b774471ad3314354041c8fa6aae7d49a9bb,248.32062399946153,713.1906249851454,11501.28173828125,0.021450262516736984,0.05255348980426788,0.5757240653038025,0.05805650353431702,0.0977587178349495,0.29632964730262756,262113,0.009667586117437899,0.0008812992869487587,0.0,0.004254453302750596,0.9956709956709957,0.004254532001479837,0.008472859221602107,9.0,official_human_vectors,230,1,53830,484470.0,m2,0.027526501566171646,0.04077982157468796,0.5368183851242065,0.07280942797660828,0.10017211735248566,0.182214617729187,262033,0.0024577057088229345,0.0003892639476707132,0.0,0.002425395315658067,1.0,0.002425395315658067,0.004839054012382285,0,human_approved,102,0,41953,41953,
Q-urban-1-3m__P2-1m,Q-urban-1-3m,P2-1m,P2,building,urban,urban,1.0,3.0,False,42,24,32a08982baea125f60feb95fe0a04dfe450ec9c12ee846384cbadd8ff6c5661c,research-v1,cb0c6b774471ad3314354041c8fa6aae7d49a9bb,244.17837499640882,690.3317499964032,11501.28173828125,0.10236077755689621,0.1432887315750122,0.7820875644683838,0.29332149028778076,0.42600902915000916,0.656557023525238,262113,0.0960768828711281,0.033752618145608954,0.004070763373049028,0.08178707158948255,0.5375833615915,0.0879763226045135,0.1512073378161413,36819.0,official_human_vectors,4756,4091,49304,443736.0,m2,0.12244287878274918,0.1200205534696579,0.7357223629951477,0.28826022148132324,0.37097957730293274,0.5327782034873962,262033,0.08716841008575256,0.016146821201909682,0.0002938561173592639,0.0482143261544036,0.5031907350508155,0.05062418261800024,0.09199325930086852,2102,human_approved,2129,2102,39926,39926,
Q-urban-1-3m__P2-3m,Q-urban-1-3m,P2-3m,P2,building,urban,urban,3.0,3.0,False,42,24,32a08982baea125f60feb95fe0a04dfe450ec9c12ee846384cbadd8ff6c5661c,research-v1,cb0c6b774471ad3314354041c8fa6aae7d49a9bb,244.77491609286517,704.4847079960164,11501.28173828125,0.0002148039056919515,0.0006069603259675205,0.013370232656598091,0.00048299218178726733,0.0008472176850773394,0.002696880605071783,262113,0.0,0.0,0.0,0.0,,0.0,0.0,0.0,official_human_vectors,0,0,54060,486540.0,m2,0.0002494273940101266,0.0005378952482715249,0.0104093998670578,0.0005484307766892016,0.0009112792322412133,0.0025110007263720036,262033,0.0,0.0,0.0,0.0,,0.0,0.0,0,human_approved,0,0,42055,42055,
Q-urban-1-3m__P3-1m,Q-urban-1-3m,P3-1m,P3,building,urban,urban,1.0,3.0,False,42,24,32a08982baea125f60feb95fe0a04dfe450ec9c12ee846384cbadd8ff6c5661c,research-v1,cb0c6b774471ad3314354041c8fa6aae7d49a9bb,242.31273296754807,710.5114169826265,11501.28173828125,0.008815706707537174,0.020328525453805923,0.23148603737354279,0.023223422467708588,0.03688180074095726,0.11569137871265411,262113,0.0,0.0,0.0,0.0,,0.0,0.0,0.0,official_human_vectors,0,0,54060,486540.0,m2,0.010091297328472137,0.014046738855540752,0.17720475792884827,0.023467279970645905,0.03514760732650757,0.07306768745183945,262033,0.0,0.0,0.0,0.0,,0.0,0.0,0,human_approved,0,0,42055,42055,
Q-urban-1-3m__P3-3m,Q-urban-1-3m,P3-3m,P3,building,urban,urban,3.0,3.0,False,42,24,32a08982baea125f60feb95fe0a04dfe450ec9c12ee846384cbadd8ff6c5661c,research-v1,cb0c6b774471ad3314354041c8fa6aae7d49a9bb,241.74501793459058,705.5592079996131,11501.28173828125,0.00010129107249667868,0.0003498032165225595,0.005256026983261108,0.0001760185550665483,0.00037502453778870404,0.0019150227308273315,262113,0.0,0.0,0.0,0.0,,0.0,0.0,0.0,official_human_vectors,0,0,54060,486540.0,m2,8.363446249859408e-05,0.00019139157666359097,0.0021977322176098824,0.00014909998571965843,0.0003627402475103736,0.0010762762976810336,262033,0.0,0.0,0.0,0.0,,0.0,0.0,0,human_approved,0,0,42055,42055,
Q-urban-1-3m__W-vegetation-3m,Q-urban-1-3m,W-vegetation-3m,W-vegetation,wrong,urban,outskirts,3.0,3.0,False,42,24,32a08982baea125f60feb95fe0a04dfe450ec9c12ee846384cbadd8ff6c5661c,research-v1,cb0c6b774471ad3314354041c8fa6aae7d49a9bb,245.72986899875104,683.1174170074519,11501.28173828125,0.007267479784786701,0.023359064012765884,0.41229119896888733,0.012666474096477032,0.019280781969428062,0.11603787541389465,262113,0.001506983629198094,0.0,0.0,0.0,,0.0,0.0,0.0,official_human_vectors,0,0,54060,486540.0,m2,0.006952016614377499,0.009222518652677536,0.14873455464839935,0.012617595493793488,0.017126677557826042,0.049248453229665756,262033,0.0,0.0,0.0,0.0,,0.0,0.0,0,human_approved,0,0,42055,42055,
Q-urban-1-3m__W-field-3m,Q-urban-1-3m,W-field-3m,W-field,wrong,urban,outskirts,3.0,3.0,False,42,24,32a08982baea125f60feb95fe0a04dfe450ec9c12ee846384cbadd8ff6c5661c,research-v1,cb0c6b774471ad3314354041c8fa6aae7d49a9bb,247.19412892591208,693.1183749984484,11501.28173828125,0.026243843138217926,0.05504420027136803,0.6331322193145752,0.05489019304513931,0.09765053540468216,0.29333385825157166,262113,0.009667586117437899,0.0030368581489662854,0.0,0.0,0.0,0.0,0.0,7164.0,official_human_vectors,0,796,54060,486540.0,m2,0.029284628108143806,0.027926212176680565,0.2770788371562958,0.048374321311712265,0.06532592326402664,0.1756325215101242,262033,0.0,0.0,0.0,0.0,,0.0,0.0,0,human_approved,0,0,42055,42055,
Q-urban-1-4m__P1-1m,Q-urban-1-4m,P1-1m,P1,building,urban,urban,1.0,4.0,False,42,24,32a08982baea125f60feb95fe0a04dfe450ec9c12ee846384cbadd8ff6c5661c,research-v1,cb0c6b774471ad3314354041c8fa6aae7d49a9bb,244.59687306080014,702.1663749765139,11501.28173828125,0.0834081843495369,0.15683285892009735,0.9305523037910461,0.34057319164276123,0.48419106006622314,0.6385363340377808,262128,0.11688945858511872,0.045241256180186776,0.003025239577610938,0.08655819058071289,0.4588919807740956,0.09639706663832501,0.15932545781915594,102672.0,official_human_vectors,5442,6417,51012,816192.0,m2,0.05672692507505417,0.07445614784955978,0.5217921733856201,0.15234386920928955,0.19888120889663696,0.36954382061958313,262033,0.0189785256055535,0.0002633256116596001,0.0,0.0012835749940575231,0.782608695652174,0.0012840328141719177,0.002563859082708195,15,human_approved,54,15,42001,42001,
Q-urban-1-4m__P1-4m,Q-urban-1-4m,P1-4m,P1,building,urban,urban,4.0,4.0,False,42,24,32a08982baea125f60feb95fe0a04dfe450ec9c12ee846384cbadd8ff6c5661c,research-v1,cb0c6b774471ad3314354041c8fa6aae7d49a9bb,244.11111103836447,730.6126249895897,11501.28173828125,0.01891130954027176,0.04444076493382454,0.3985603153705597,0.06714096665382385,0.12133201956748962,0.2143833488225937,262128,0.0016556796679484832,0.0,0.0,0.0,,0.0,0.0,0.0,official_human_vectors,0,0,56454,903264.0,m2,0.005929309409111738,0.010120942257344723,0.09068083763122559,0.014033043757081032,0.022151939570903778,0.05826420336961746,262033,0.0,0.0,0.0,0.0,,0.0,0.0,0,human_approved,0,0,42055,42055,
Q-urban-1-4m__P2-1m,Q-urban-1-4m,P2-1m,P2,building,urban,urban,1.0,4.0,False,42,24,32a08982baea125f60feb95fe0a04dfe450ec9c12ee846384cbadd8ff6c5661c,research-v1,cb0c6b774471ad3314354041c8fa6aae7d49a9bb,244.58744109142572,694.3529169948306,11501.28173828125,0.13600587844848633,0.1653900146484375,0.7928511500358582,0.38986095786094666,0.5026107430458069,0.6804556250572205,262128,0.16150506622718672,0.05083394372215101,0.007549746688640664,0.1104056268996356,0.5206754221388368,0.12289651751868778,0.19885638945814643,102192.0,official_human_vectors,6938,6387,49516,792256.0,m2,0.1318679302930832,0.13167724013328552,0.6874251365661621,0.3244946599006653,0.4187740981578827,0.55837082862854,262033,0.12079776211393221,0.01812748775917537,0.0,0.0793764269077324,0.7246315789473684,0.08184520271073593,0.14707830360004273,1308,human_approved,3442,1308,38613,38613,
Q-urban-1-4m__P2-4m,Q-urban-1-4m,P2-4m,P2,building,urban,urban,4.0,4.0,False,42,24,32a08982baea125f60feb95fe0a04dfe450ec9c12ee846384cbadd8ff6c5661c,research-v1,cb0c6b774471ad3314354041c8fa6aae7d49a9bb,243.28613898251206,717.7630829974078,11501.28173828125,0.00021978761651553214,0.0006347416201606393,0.018193090334534645,0.0005058976239524782,0.000749086553696543,0.0016691306373104453,262128,0.0,0.0,0.0,0.0,,0.0,0.0,0.0,official_human_vectors,0,0,56454,903264.0,m2,0.0001433148281648755,0.00013911885616835207,0.0010505069512873888,0.00033814250491559505,0.000438377377577126,0.0006273174076341093,262033,0.0,0.0,0.0,0.0,,0.0,0.0,0,human_approved,0,0,42055,42055,
Q-urban-1-4m__P3-1m,Q-urban-1-4m,P3-1m,P3,building,urban,urban,1.0,4.0,False,42,24,32a08982baea125f60feb95fe0a04dfe450ec9c12ee846384cbadd8ff6c5661c,research-v1,cb0c6b774471ad3314354041c8fa6aae7d49a9bb,242.20313597470522,688.0057500093244,11501.28173828125,0.015836404636502266,0.03608425706624985,0.4053288996219635,0.052999865263700485,0.09311879426240921,0.17545396089553833,262128,0.0009651773179515351,0.0,0.0,0.0,,0.0,0.0,0.0,official_human_vectors,0,0,56454,903264.0,m2,0.006720434408634901,0.010439133271574974,0.10311635583639145,0.014580781571567059,0.020459206774830818,0.06150471046566963,262033,0.0,0.0,0.0,0.0,,0.0,0.0,0,human_approved,0,0,42055,42055,
Q-urban-1-4m__P3-4m,Q-urban-1-4m,P3-4m,P3,building,urban,urban,4.0,4.0,False,42,24,32a08982baea125f60feb95fe0a04dfe450ec9c12ee846384cbadd8ff6c5661c,research-v1,cb0c6b774471ad3314354041c8fa6aae7d49a9bb,245.86526001803577,712.0730000024196,11501.28173828125,7.461443601641804e-05,0.0001566463615745306,0.002031702548265457,0.00018789659952744842,0.00035361983464099467,0.0008252001716755331,262128,0.0,0.0,0.0,0.0,,0.0,0.0,0.0,official_human_vectors,0,0,56454,903264.0,m2,4.652113784686662e-05,6.541152106365189e-05,0.0006734940106980503,0.00011510218610055745,0.00016482771025039256,0.00034411673550494015,262033,0.0,0.0,0.0,0.0,,0.0,0.0,0,human_approved,0,0,42055,42055,
Q-urban-1-4m__W-vegetation-4m,Q-urban-1-4m,W-vegetation-4m,W-vegetation,wrong,urban,outskirts,4.0,4.0,False,42,24,32a08982baea125f60feb95fe0a04dfe450ec9c12ee846384cbadd8ff6c5661c,research-v1,cb0c6b774471ad3314354041c8fa6aae7d49a9bb,243.68503503501415,680.1382920239121,11501.28173828125,0.010484146885573864,0.027750689536333084,0.49469587206840515,0.020874403417110443,0.04053739458322525,0.14928576350212097,262128,0.0015107123237502289,0.0,0.0,0.0,,0.0,0.0,0.0,official_human_vectors,0,0,56454,903264.0,m2,0.004227182827889919,0.00433356361463666,0.03587867319583893,0.008639884181320667,0.011315499432384968,0.023837829008698463,262033,0.0,0.0,0.0,0.0,,0.0,0.0,0,human_approved,0,0,42055,42055,
Q-urban-1-4m__W-field-4m,Q-urban-1-4m,W-field-4m,W-field,wrong,urban,outskirts,4.0,4.0,False,42,24,32a08982baea125f60feb95fe0a04dfe450ec9c12ee846384cbadd8ff6c5661c,research-v1,cb0c6b774471ad3314354041c8fa6aae7d49a9bb,247.76043905876577,702.6255409873556,11501.28173828125,0.010720561258494854,0.03399629518389702,0.4500815272331238,0.017535042017698288,0.043879784643650055,0.1924230456352234,262128,0.002727675028993469,0.0,0.0,0.0,,0.0,0.0,0.0,official_human_vectors,0,0,56454,903264.0,m2,0.003348591970279813,0.004444971680641174,0.040630634874105453,0.007306551560759544,0.010391098447144032,0.025372860953211784,262033,0.0,0.0,0.0,0.0,,0.0,0.0,0,human_approved,0,0,42055,42055,
Q-urban-2-1m__P1-1m,Q-urban-2-1m,P1-1m,P1,building,urban,urban,1.0,1.0,False,42,24,32a08982baea125f60feb95fe0a04dfe450ec9c12ee846384cbadd8ff6c5661c,research-v1,cb0c6b774471ad3314354041c8fa6aae7d49a9bb,243.72336291708052,672.1383339900058,11501.28173828125,0.094354547560215,0.19982168078422546,0.9408354163169861,0.3433062434196472,0.6771529912948608,0.8249281644821167,262097,0.10890242925329172,0.07754762549743034,0.04482691522604227,0.32953690582410466,0.9267404674046741,0.3383509969462906,0.4957168234752286,1489.0,official_human_vectors,18836,1489,36834,36834.0,m2,0.09436693042516708,0.19983026385307312,0.9408354163169861,0.3433055281639099,0.6771771311759949,0.8249399065971375,261969,0.10890601559726533,0.07756642961571789,0.044829731762155066,0.3295647456203294,0.9267224409448819,0.33838274932614554,0.4957483217059366,1489,human_approved,18831,1489,36819,36819,
Q-urban-2-1m__P1-2m,Q-urban-2-1m,P1-2m,P1,building,urban,urban,2.0,1.0,False,42,24,32a08982baea125f60feb95fe0a04dfe450ec9c12ee846384cbadd8ff6c5661c,research-v1,cb0c6b774471ad3314354041c8fa6aae7d49a9bb,242.47892294079065,681.6387080179993,11501.28173828125,0.050980933010578156,0.11989431083202362,0.7734779119491577,0.16397309303283691,0.3655490577220917,0.5722610950469971,262097,0.06385422191020881,0.021541642979507586,0.00024418440501035874,0.0988136625927386,0.9766206163655685,0.09904796119992815,0.17985517646291344,132.0,official_human_vectors,5514,132,50156,50156.0,m2,0.050986796617507935,0.11990690231323242,0.7734779119491577,0.16403701901435852,0.36555877327919006,0.5722683072090149,261969,0.06386633532975276,0.021548351140783833,0.00024430371532509573,0.09883116417482342,0.9766164747564217,0.09906558849955076,0.17988416673464394,132,human_approved,5513,132,50137,50137,
Q-urban-2-1m__P2-1m,Q-urban-2-1m,P2-1m,P2,building,urban,urban,1.0,1.0,False,42,24,32a08982baea125f60feb95fe0a04dfe450ec9c12ee846384cbadd8ff6c5661c,research-v1,cb0c6b774471ad3314354041c8fa6aae7d49a9bb,245.86315103806555,688.0732919962611,11501.28173828125,0.05516425892710686,0.07759740203619003,0.5920862555503845,0.15616844594478607,0.21658207476139069,0.3645412027835846,262097,0.01890521448166137,0.0016825831657745034,0.0,0.002985127985127985,0.3786848072562358,0.002999820370037722,0.005952487034627791,274.0,official_human_vectors,167,274,55503,55503.0,m2,0.05516262724995613,0.07761117815971375,0.5920862555503845,0.15619423985481262,0.21660205721855164,0.3646233379840851,261969,0.018914451709935144,0.0016834052884119877,0.0,0.0029861955511050714,0.3786848072562358,0.0030008984725965857,0.005954609473890642,274,human_approved,167,274,55483,55483,
Q-urban-2-1m__P2-2m,Q-urban-2-1m,P2-2m,P2,building,urban,urban,2.0,1.0,False,42,24,32a08982baea125f60feb95fe0a04dfe450ec9c12ee846384cbadd8ff6c5661c,research-v1,cb0c6b774471ad3314354041c8fa6aae7d49a9bb,244.21906494535506,707.119040976977,11501.28173828125,0.014774635434150696,0.031938694417476654,0.396912544965744,0.03807628154754639,0.07246778905391693,0.16936172544956207,262097,0.0008431992735513951,0.0,0.0,0.0,,0.0,0.0,0.0,official_human_vectors,0,0,55670,55670.0,m2,0.014761078171432018,0.03192218765616417,0.396912544965744,0.03801760822534561,0.07234648615121841,0.16924554109573364,261969,0.0008436112669819711,0.0,0.0,0.0,,0.0,0.0,0,human_approved,0,0,55650,55650,
Q-urban-2-1m__P3-1m,Q-urban-2-1m,P3-1m,P3,building,urban,urban,1.0,1.0,False,42,24,32a08982baea125f60feb95fe0a04dfe450ec9c12ee846384cbadd8ff6c5661c,research-v1,cb0c6b774471ad3314354041c8fa6aae7d49a9bb,247.45858507230878,689.308417000575,11501.28173828125,0.01025333907455206,0.019689660519361496,0.21412867307662964,0.03104347363114357,0.047468241304159164,0.10118866711854935,262097,0.0,0.0,0.0,0.0,,0.0,0.0,0.0,official_human_vectors,0,0,55670,55670.0,m2,0.010254415683448315,0.019692854955792427,0.21412867307662964,0.03104885295033455,0.04748045280575752,0.10120172053575516,261969,0.0,0.0,0.0,0.0,,0.0,0.0,0,human_approved,0,0,55650,55650,
Q-urban-2-1m__P3-2m,Q-urban-2-1m,P3-2m,P3,building,urban,urban,2.0,1.0,False,42,24,32a08982baea125f60feb95fe0a04dfe450ec9c12ee846384cbadd8ff6c5661c,research-v1,cb0c6b774471ad3314354041c8fa6aae7d49a9bb,244.21195697505027,692.7269159932621,11501.28173828125,0.012399557046592236,0.024703847244381905,0.27745693922042847,0.03957175090909004,0.06683658063411713,0.1174209862947464,262097,0.0,0.0,0.0,0.0,,0.0,0.0,0.0,official_human_vectors,0,0,55670,55670.0,m2,0.012398967519402504,0.024707593023777008,0.27745693922042847,0.03958549723029137,0.06684671342372894,0.11742628365755081,261969,0.0,0.0,0.0,0.0,,0.0,0.0,0,human_approved,0,0,55650,55650,
Q-urban-2-1m__W-vegetation-1m,Q-urban-2-1m,W-vegetation-1m,W-vegetation,wrong,urban,outskirts,1.0,1.0,False,42,24,32a08982baea125f60feb95fe0a04dfe450ec9c12ee846384cbadd8ff6c5661c,research-v1,cb0c6b774471ad3314354041c8fa6aae7d49a9bb,247.59455991443247,693.282124993857,11501.28173828125,0.026394691318273544,0.08479953557252884,0.7860425114631653,0.04848911985754967,0.13785205781459808,0.5370891690254211,262097,0.02438791745040958,0.012090943429341045,0.0006676917324501998,0.0,0.0,0.0,0.0,3169.0,official_human_vectors,0,3169,55670,55670.0,m2,0.026405196636915207,0.08481872081756592,0.7860425114631653,0.048524193465709686,0.13794448971748352,0.5371878147125244,261969,0.024399833568093936,0.012096851154144193,0.0006680179715920586,0.0,0.0,0.0,0.0,3169,human_approved,0,3169,55650,55650,
Q-urban-2-1m__W-field-1m,Q-urban-2-1m,W-field-1m,W-field,wrong,urban,outskirts,1.0,1.0,False,42,24,32a08982baea125f60feb95fe0a04dfe450ec9c12ee846384cbadd8ff6c5661c,research-v1,cb0c6b774471ad3314354041c8fa6aae7d49a9bb,245.5759959993884,687.9605840076692,11501.28173828125,0.02124962769448757,0.0515219122171402,0.567328929901123,0.04969121143221855,0.08580625802278519,0.28578346967697144,262097,0.009011930697413554,0.0003090458875912353,0.0,0.0,0.0,0.0,0.0,81.0,official_human_vectors,0,81,55670,55670.0,m2,0.021255191415548325,0.05153314024209976,0.567328929901123,0.049702197313308716,0.08583902567625046,0.2858520448207855,261969,0.009016333993716813,0.0003091968897083243,0.0,0.0,0.0,0.0,0.0,81,human_approved,0,81,55650,55650,
Q-urban-2-1.5m__P1-1m,Q-urban-2-1.5m,P1-1m,P1,building,urban,urban,1.0,1.5,False,42,24,32a08982baea125f60feb95fe0a04dfe450ec9c12ee846384cbadd8ff6c5661c,research-v1,cb0c6b774471ad3314354041c8fa6aae7d49a9bb,247.215689974837,699.2938329931349,11501.28173828125,0.0947023406624794,0.20177002251148224,0.954700767993927,0.3913591504096985,0.6257338523864746,0.877310037612915,262111,0.1243938636684458,0.0741136388781852,0.03810599326239646,0.19113740445574406,0.6037269638628642,0.21855723896312032,0.32093258719060846,17320.5,official_human_vectors,11728,7698,41933,94349.25,m2,0.11670761555433273,0.23341019451618195,0.9524586796760559,0.5280666947364807,0.7420573830604553,0.9028791785240173,261969,0.15292267405685406,0.10526436334070062,0.06197679878153522,0.25745625963194635,0.61792863359443,0.30619946091644207,0.40948741979669817,10536,human_approved,17040,10536,38610,38610,
Q-urban-2-1.5m__P1-1.5m,Q-urban-2-1.5m,P1-1.5m,P1,building,urban,urban,1.5,1.5,False,42,24,32a08982baea125f60feb95fe0a04dfe450ec9c12ee846384cbadd8ff6c5661c,research-v1,cb0c6b774471ad3314354041c8fa6aae7d49a9bb,243.79520898219198,707.051750010578,11501.28173828125,0.04589123651385307,0.1211230456829071,0.8263431191444397,0.13871167600154877,0.3234301805496216,0.6342750191688538,262111,0.05435483440221891,0.024394245186199738,0.0035290392238402813,0.10291822005105508,0.876446668751955,0.10443338737630682,0.18662892348680377,1777.5,official_human_vectors,5604,790,48057,108128.25,m2,0.06313709914684296,0.14611324667930603,0.7651891708374023,0.26630404591560364,0.452622652053833,0.652675211429596,261969,0.087651592363982,0.03922219804633373,0.0024888440998744126,0.15991625026391723,0.884574209245742,0.16332434860736747,0.27573758058399694,1186,human_approved,9089,1186,46561,46561,
Q-urban-2-1.5m__P2-1m,Q-urban-2-1.5m,P2-1m,P2,building,urban,urban,1.0,1.5,False,42,24,32a08982baea125f60feb95fe0a04dfe450ec9c12ee846384cbadd8ff6c5661c,research-v1,cb0c6b774471ad3314354041c8fa6aae7d49a9bb,242.864033090882,694.9559170170687,11501.28173828125,0.08879077434539795,0.11436264961957932,0.7234072089195251,0.2609517574310303,0.33388108015060425,0.49957168102264404,262111,0.06867701088470152,0.00996142855507781,7.630355078573582e-05,0.043426664194325976,0.8969743393335886,0.043644359963474405,0.08323855558714814,605.25,official_human_vectors,2342,269,51319,115467.75,m2,0.092171311378479,0.1070241704583168,0.5454526543617249,0.26257237792015076,0.31680265069007874,0.4147336781024933,261969,0.06140421194874203,0.0012367875588332972,0.0,0.0025433443186702966,0.4382716049382716,0.0025516621743036836,0.005073784256976454,182,human_approved,142,182,55508,55508,
Q-urban-2-1.5m__P2-1.5m,Q-urban-2-1.5m,P2-1.5m,P2,building,urban,urban,1.5,1.5,False,42,24,32a08982baea125f60feb95fe0a04dfe450ec9c12ee846384cbadd8ff6c5661c,research-v1,cb0c6b774471ad3314354041c8fa6aae7d49a9bb,242.76019190438092,694.3171669845469,11501.28173828125,0.0035316133871674538,0.008821244351565838,0.17840664088726044,0.009775269776582718,0.017946802079677582,0.041036222130060196,262111,0.0,0.0,0.0,0.0,,0.0,0.0,0.0,official_human_vectors,0,0,53661,120737.25,m2,0.0030922512523829937,0.007202095817774534,0.10188961029052734,0.008867845870554447,0.016337323933839798,0.035450518131256104,261969,0.0,0.0,0.0,0.0,,0.0,0.0,0,human_approved,0,0,55650,55650,
Q-urban-2-1.5m__P3-1m,Q-urban-2-1.5m,P3-1m,P3,building,urban,urban,1.0,1.5,False,42,24,32a08982baea125f60feb95fe0a04dfe450ec9c12ee846384cbadd8ff6c5661c,research-v1,cb0c6b774471ad3314354041c8fa6aae7d49a9bb,245.93746894970536,692.0702499919571,11501.28173828125,0.018400218337774277,0.04294019564986229,0.42343229055404663,0.051492635160684586,0.10407902300357819,0.22253260016441345,262111,0.0029338715277115422,0.0,0.0,0.0,,0.0,0.0,0.0,official_human_vectors,0,0,53661,120737.25,m2,0.02214561402797699,0.046940434724092484,0.30974406003952026,0.07211554795503616,0.140840083360672,0.22369390726089478,261969,0.0001641415587340487,0.0,0.0,0.0,,0.0,0.0,0,human_approved,0,0,55650,55650,
Q-urban-2-1.5m__P3-1.5m,Q-urban-2-1.5m,P3-1.5m,P3,building,urban,urban,1.5,1.5,False,42,24,32a08982baea125f60feb95fe0a04dfe450ec9c12ee846384cbadd8ff6c5661c,research-v1,cb0c6b774471ad3314354041c8fa6aae7d49a9bb,244.22744498588145,694.3276660167612,11501.28173828125,0.00612547155469656,0.013947357423603535,0.37722572684288025,0.012867452576756477,0.019904617220163345,0.052103251218795776,262111,0.0001220856812571773,0.0,0.0,0.0,,0.0,0.0,0.0,official_human_vectors,0,0,53661,120737.25,m2,0.003868740750476718,0.004209538921713829,0.06929873675107956,0.008852310478687286,0.01227237656712532,0.020423296838998795,261969,0.0,0.0,0.0,0.0,,0.0,0.0,0,human_approved,0,0,55650,55650,
Q-urban-2-1.5m__W-vegetation-1.5m,Q-urban-2-1.5m,W-vegetation-1.5m,W-vegetation,wrong,urban,outskirts,1.5,1.5,False,42,24,32a08982baea125f60feb95fe0a04dfe450ec9c12ee846384cbadd8ff6c5661c,research-v1,cb0c6b774471ad3314354041c8fa6aae7d49a9bb,244.6285489713773,685.3000829869416,11501.28173828125,0.01682269386947155,0.049763359129428864,0.638474702835083,0.03842853754758835,0.08483903110027313,0.269383043050766,262111,0.00796609070203082,0.002186096730011331,0.0,0.0,0.0,0.0,0.0,1289.25,official_human_vectors,0,573,53661,120737.25,m2,0.018664604052901268,0.057624757289886475,0.6336934566497803,0.04516398906707764,0.09239542484283447,0.3098863959312439,261969,0.010589039161122117,0.004878439815398005,0.0,0.0,0.0,0.0,0.0,1278,human_approved,0,1278,55650,55650,
Q-urban-2-1.5m__W-field-1.5m,Q-urban-2-1.5m,W-field-1.5m,W-field,wrong,urban,outskirts,1.5,1.5,False,42,24,32a08982baea125f60feb95fe0a04dfe450ec9c12ee846384cbadd8ff6c5661c,research-v1,cb0c6b774471ad3314354041c8fa6aae7d49a9bb,244.56068000290543,683.3705409953836,11501.28173828125,0.014966153539717197,0.03233269974589348,0.3294316232204437,0.037063393741846085,0.074764683842659,0.17337095737457275,262111,0.0001602374566500452,0.0,0.0,0.0,,0.0,0.0,0.0,official_human_vectors,0,0,53661,120737.25,m2,0.01273250114172697,0.02897483855485916,0.3268306851387024,0.026991937309503555,0.0588870495557785,0.1444282978773117,261969,0.0003702728185395982,0.0,0.0,0.0,,0.0,0.0,0,human_approved,0,0,55650,55650,
Q-urban-2-2m__P1-1m,Q-urban-2-2m,P1-1m,P1,building,urban,urban,1.0,2.0,False,42,24,32a08982baea125f60feb95fe0a04dfe450ec9c12ee846384cbadd8ff6c5661c,research-v1,cb0c6b774471ad3314354041c8fa6aae7d49a9bb,244.07124205026776,692.0058329997119,11501.28173828125,0.07557458430528641,0.17801396548748016,0.9583628177642822,0.2528793513774872,0.5590757727622986,0.828113853931427,262121,0.08798226773131493,0.054383281003811214,0.031889852396412344,0.1211032423800597,0.4894423009470361,0.1386140580919458,0.2160429794547059,29112.0,official_human_vectors,6977,7278,43357,173428.0,m2,0.13236114382743835,0.26316866278648376,0.9571080803871155,0.6786558628082275,0.7886403799057007,0.9073157906532288,261969,0.17419618351789715,0.1465097015295703,0.08936553561680963,0.23604648105791728,0.4678617024048357,0.3226774483378257,0.38193787155299846,20424,human_approved,17957,20424,37693,37693,
Q-urban-2-2m__P1-2m,Q-urban-2-2m,P1-2m,P1,building,urban,urban,2.0,2.0,False,42,24,32a08982baea125f60feb95fe0a04dfe450ec9c12ee846384cbadd8ff6c5661c,research-v1,cb0c6b774471ad3314354041c8fa6aae7d49a9bb,246.8817449407652,711.9354169990402,11501.28173828125,0.038240946829319,0.12277116626501083,0.9143480062484741,0.07388227432966232,0.2427065074443817,0.696522057056427,262121,0.04334639345950916,0.027021871578393183,0.009793187115873967,0.09058273818568606,0.6733022730481435,0.09474708944252394,0.16611804866154622,9256.0,official_human_vectors,4769,2314,45565,182260.0,m2,0.08545006066560745,0.20334596931934357,0.9124349355697632,0.43146365880966187,0.6464807391166687,0.808113694190979,261969,0.12327412785482252,0.0846741408334574,0.03832896258717634,0.24050875011953715,0.680281309169597,0.2711590296495957,0.3877582485353068,7092,human_approved,15090,7092,40560,40560,
Q-urban-2-2m__P2-1m,Q-urban-2-2m,P2-1m,P2,building,urban,urban,1.0,2.0,False,42,24,32a08982baea125f60feb95fe0a04dfe450ec9c12ee846384cbadd8ff6c5661c,research-v1,cb0c6b774471ad3314354041c8fa6aae7d49a9bb,245.73212198447436,700.2226670156233,11501.28173828125,0.08653466403484344,0.10645626485347748,0.6580893993377686,0.24735987186431885,0.3201562464237213,0.452556848526001,262121,0.061921784214160634,0.00374636141324045,0.0,0.014491034537295139,0.7464358452138493,0.014562721023562602,0.028568087925793125,996.0,official_human_vectors,733,249,49601,198404.0,m2,0.10255203396081924,0.10197046399116516,0.48122328519821167,0.2607996165752411,0.30288535356521606,0.3610331118106842,261969,0.05290320610453909,0.0,0.0,0.0,,0.0,0.0,0,human_approved,0,0,55650,55650,
Q-urban-2-2m__P2-2m,Q-urban-2-2m,P2-2m,P2,building,urban,urban,2.0,2.0,False,42,24,32a08982baea125f60feb95fe0a04dfe450ec9c12ee846384cbadd8ff6c5661c,research-v1,cb0c6b774471ad3314354041c8fa6aae7d49a9bb,248.19625495001674,705.374541983474,11501.28173828125,0.0040610660798847675,0.012152750045061111,0.29196709394454956,0.008488858118653297,0.01229728851467371,0.03645710274577141,262121,0.0,0.0,0.0,0.0,,0.0,0.0,0.0,official_human_vectors,0,0,50334,201336.0,m2,0.0030223308131098747,0.004206949379295111,0.04349717125296593,0.007889426313340664,0.01139047835022211,0.020460110157728195,261969,0.0,0.0,0.0,0.0,,0.0,0.0,0,human_approved,0,0,55650,55650,
Q-urban-2-2m__P3-1m,Q-urban-2-2m,P3-1m,P3,building,urban,urban,1.0,2.0,False,42,24,32a08982baea125f60feb95fe0a04dfe450ec9c12ee846384cbadd8ff6c5661c,research-v1,cb0c6b774471ad3314354041c8fa6aae7d49a9bb,244.20077202375978,688.0195830017328,11501.28173828125,0.012361406348645687,0.029669934883713722,0.3047889471054077,0.033211734145879745,0.07070333510637283,0.1583571583032608,262121,3.815031989043228e-06,0.0,0.0,0.0,,0.0,0.0,0.0,official_human_vectors,0,0,50334,201336.0,m2,0.01751941815018654,0.03625873848795891,0.22160285711288452,0.06904149800539017,0.11130546778440475,0.16258327662944794,261969,0.0,0.0,0.0,0.0,,0.0,0.0,0,human_approved,0,0,55650,55650,
Q-urban-2-2m__P3-2m,Q-urban-2-2m,P3-2m,P3,building,urban,urban,2.0,2.0,False,42,24,32a08982baea125f60feb95fe0a04dfe450ec9c12ee846384cbadd8ff6c5661c,research-v1,cb0c6b774471ad3314354041c8fa6aae7d49a9bb,242.49083898030221,685.3699999919627,11501.28173828125,0.005781794432550669,0.016408532857894897,0.22060909867286682,0.011128053069114685,0.0338863730430603,0.08407504111528397,262121,0.0,0.0,0.0,0.0,,0.0,0.0,0.0,official_human_vectors,0,0,50334,201336.0,m2,0.008746018633246422,0.020229065790772438,0.13810935616493225,0.03285975381731987,0.06126540154218674,0.09379018843173981,261969,0.0,0.0,0.0,0.0,,0.0,0.0,0,human_approved,0,0,55650,55650,
Q-urban-2-2m__W-vegetation-2m,Q-urban-2-2m,W-vegetation-2m,W-vegetation,wrong,urban,outskirts,2.0,2.0,False,42,24,32a08982baea125f60feb95fe0a04dfe450ec9c12ee846384cbadd8ff6c5661c,research-v1,cb0c6b774471ad3314354041c8fa6aae7d49a9bb,242.43782192934304,682.1312500105705,11501.28173828125,0.01589454896748066,0.031132785603404045,0.42683297395706177,0.036294057965278625,0.06003788486123085,0.15962384641170502,262121,0.002021966954192911,0.0,0.0,0.0,,0.0,0.0,0.0,official_human_vectors,0,0,50334,201336.0,m2,0.015598068945109844,0.02223367802798748,0.25294265151023865,0.034728094935417175,0.05173003301024437,0.11865255236625671,261969,0.0,0.0,0.0,0.0,,0.0,0.0,0,human_approved,0,0,55650,55650,
Q-urban-2-2m__W-field-2m,Q-urban-2-2m,W-field-2m,W-field,wrong,urban,outskirts,2.0,2.0,False,42,24,32a08982baea125f60feb95fe0a04dfe450ec9c12ee846384cbadd8ff6c5661c,research-v1,cb0c6b774471ad3314354041c8fa6aae7d49a9bb,244.81250601820648,677.859957999317,11501.28173828125,0.010308041237294674,0.026014000177383423,0.298445463180542,0.02238127775490284,0.043413229286670685,0.15436215698719025,262121,0.0,0.0,0.0,0.0,,0.0,0.0,0.0,official_human_vectors,0,0,50334,201336.0,m2,0.007622468285262585,0.014110073447227478,0.1783873736858368,0.01643030345439911,0.028040314093232155,0.07800798118114471,261969,0.0,0.0,0.0,0.0,,0.0,0.0,0,human_approved,0,0,55650,55650,
Q-urban-2-3m__P1-1m,Q-urban-2-3m,P1-1m,P1,building,urban,urban,1.0,3.0,False,42,24,32a08982baea125f60feb95fe0a04dfe450ec9c12ee846384cbadd8ff6c5661c,research-v1,cb0c6b774471ad3314354041c8fa6aae7d49a9bb,241.99728295207024,685.4457919835113,11501.28173828125,0.06743177771568298,0.1428065150976181,0.8900904655456543,0.2289004921913147,0.3813364505767822,0.7110793590545654,262124,0.07400695853870687,0.03395721109093406,0.010865086752834536,0.072651141064994,0.4892708684417481,0.07861294631575147,0.13546089363753713,40914.0,official_human_vectors,4355,4546,51043,459387.0,m2,0.16087758541107178,0.23829369246959686,0.8900904655456543,0.6419988870620728,0.7341954112052917,0.8337266445159912,261969,0.1810824944936233,0.14613179421992678,0.0669659387179399,0.2259782296588269,0.45227522073036935,0.31112309074573224,0.3686496614572244,20968,human_approved,17314,20968,38336,38336,
Q-urban-2-3m__P1-3m,Q-urban-2-3m,P1-3m,P1,building,urban,urban,3.0,3.0,False,42,24,32a08982baea125f60feb95fe0a04dfe450ec9c12ee846384cbadd8ff6c5661c,research-v1,cb0c6b774471ad3314354041c8fa6aae7d49a9bb,245.89337001089007,708.5527910094243,11501.28173828125,0.03567655757069588,0.09962636232376099,0.8634101152420044,0.0927501767873764,0.19511088728904724,0.5705795884132385,262124,0.03408310570569654,0.014149791701637392,0.004436831423295845,0.03818523527655314,0.586141817201402,0.039243293981732194,0.07356150709729813,13815.0,official_human_vectors,2174,1535,53224,479016.0,m2,0.10260692238807678,0.19952130317687988,0.8634101152420044,0.44221729040145874,0.623176097869873,0.784712016582489,261969,0.14271154220537544,0.08667437750268162,0.03445064110639045,0.21170321343519005,0.6029243371796001,0.24600179694519317,0.3494308030016846,9016,human_approved,13690,9016,41960,41960,
Q-urban-2-3m__P2-1m,Q-urban-2-3m,P2-1m,P2,building,urban,urban,1.0,3.0,False,42,24,32a08982baea125f60feb95fe0a04dfe450ec9c12ee846384cbadd8ff6c5661c,research-v1,cb0c6b774471ad3314354041c8fa6aae7d49a9bb,245.5485169775784,700.8402080100495,11501.28173828125,0.09985091537237167,0.13334031403064728,0.7165862321853638,0.3020721673965454,0.38606157898902893,0.5639135837554932,262124,0.10147487448688407,0.017262822175764143,0.0002556042178510934,0.03762770562770563,0.4802209944751381,0.039225242788548324,0.07252640889141064,21168.0,official_human_vectors,2173,2352,53225,479025.0,m2,0.18945129215717316,0.14893272519111633,0.7165862321853638,0.3817615211009979,0.453729510307312,0.6757293343544006,261969,0.21703713034748387,0.03929090846626891,0.0023285197866923187,0.08158244353687939,0.48324103759836784,0.0893800539083558,0.1508575588007825,5319,human_approved,4974,5319,50676,50676,
Q-urban-2-3m__P2-3m,Q-urban-2-3m,P2-3m,P2,building,urban,urban,3.0,3.0,False,42,24,32a08982baea125f60feb95fe0a04dfe450ec9c12ee846384cbadd8ff6c5661c,research-v1,cb0c6b774471ad3314354041c8fa6aae7d49a9bb,244.35259704478085,714.6396670141257,11501.28173828125,0.0001927678968058899,0.0006238106871023774,0.015871338546276093,0.0004473139997571707,0.0007469138945452869,0.002206262666732073,262124,0.0,0.0,0.0,0.0,,0.0,0.0,0.0,official_human_vectors,0,0,55398,498582.0,m2,0.0002790688013192266,0.0005313346046023071,0.005442884750664234,0.0008202617173083127,0.0012826373567804694,0.0026947299484163523,261969,0.0,0.0,0.0,0.0,,0.0,0.0,0,human_approved,0,0,55650,55650,
Q-urban-2-3m__P3-1m,Q-urban-2-3m,P3-1m,P3,building,urban,urban,1.0,3.0,False,42,24,32a08982baea125f60feb95fe0a04dfe450ec9c12ee846384cbadd8ff6c5661c,research-v1,cb0c6b774471ad3314354041c8fa6aae7d49a9bb,244.16189605835825,680.958290991839,11501.28173828125,0.009129351004958153,0.021188149228692055,0.26224976778030396,0.025627098977565765,0.046136461198329926,0.10167109966278076,262124,0.0,0.0,0.0,0.0,,0.0,0.0,0.0,official_human_vectors,0,0,55398,498582.0,m2,0.018557507544755936,0.03761935979127884,0.26224976778030396,0.04003116860985756,0.08455415815114975,0.2161528617143631,261969,0.0,0.0,0.0,0.0,,0.0,0.0,0,human_approved,0,0,55650,55650,
Q-urban-2-3m__P3-3m,Q-urban-2-3m,P3-3m,P3,building,urban,urban,3.0,3.0,False,42,24,32a08982baea125f60feb95fe0a04dfe450ec9c12ee846384cbadd8ff6c5661c,research-v1,cb0c6b774471ad3314354041c8fa6aae7d49a9bb,247.80292203649879,712.0469160145149,11501.28173828125,7.43804412195459e-05,0.0002676427538972348,0.005533856805413961,0.00012807134771719575,0.0002780230133794248,0.0010403926717117429,262124,0.0,0.0,0.0,0.0,,0.0,0.0,0.0,official_human_vectors,0,0,55398,498582.0,m2,3.751887925318442e-05,4.351925235823728e-05,0.00040547875687479973,9.178493201034144e-05,0.00013035179290454835,0.00020074225903954357,261969,0.0,0.0,0.0,0.0,,0.0,0.0,0,human_approved,0,0,55650,55650,
Q-urban-2-3m__W-vegetation-3m,Q-urban-2-3m,W-vegetation-3m,W-vegetation,wrong,urban,outskirts,3.0,3.0,False,42,24,32a08982baea125f60feb95fe0a04dfe450ec9c12ee846384cbadd8ff6c5661c,research-v1,cb0c6b774471ad3314354041c8fa6aae7d49a9bb,242.47510801069438,682.2465419827495,11501.28173828125,0.005028533283621073,0.01516132801771164,0.25476348400115967,0.010329604148864746,0.017237849533557892,0.06304694712162018,262124,0.0,0.0,0.0,0.0,,0.0,0.0,0.0,official_human_vectors,0,0,55398,498582.0,m2,0.004643415566533804,0.004011746030300856,0.028802543878555298,0.010395513847470284,0.013442420400679111,0.018035955727100372,261969,0.0,0.0,0.0,0.0,,0.0,0.0,0,human_approved,0,0,55650,55650,
Q-urban-2-3m__W-field-3m,Q-urban-2-3m,W-field-3m,W-field,wrong,urban,outskirts,3.0,3.0,False,42,24,32a08982baea125f60feb95fe0a04dfe450ec9c12ee846384cbadd8ff6c5661c,research-v1,cb0c6b774471ad3314354041c8fa6aae7d49a9bb,245.88844808749855,685.758583014831,11501.28173828125,0.01900956593453884,0.043888237327337265,0.5287225246429443,0.03808984532952309,0.07804298400878906,0.23150332272052765,262124,0.005085379438738918,0.00013352459141475028,0.0,0.0,0.0,0.0,0.0,315.0,official_human_vectors,0,35,55398,498582.0,m2,0.017388926818966866,0.010165756568312645,0.0681471899151802,0.03124893270432949,0.03653093799948692,0.045735713094472885,261969,0.0,0.0,0.0,0.0,,0.0,0.0,0,human_approved,0,0,55650,55650,
Q-urban-2-4m__P1-1m,Q-urban-2-4m,P1-1m,P1,building,urban,urban,1.0,4.0,False,42,24,32a08982baea125f60feb95fe0a04dfe450ec9c12ee846384cbadd8ff6c5661c,research-v1,cb0c6b774471ad3314354041c8fa6aae7d49a9bb,244.03931095730513,697.1496249898337,11501.28173828125,0.05800653621554375,0.10995606333017349,0.7622884511947632,0.21499784290790558,0.3081214725971222,0.5010073781013489,262128,0.05390877739119819,0.010101934932552036,0.0009193981566257706,0.01900890568074484,0.42560422960725075,0.0195094084858137,0.03730861541008028,24336.0,official_human_vectors,1127,1521,56640,906240.0,m2,0.12963223457336426,0.18877001106739044,0.7618054747581482,0.4869040250778198,0.6257532835006714,0.7091829180717468,261969,0.14574625241917938,0.09530898694120296,0.014123808542232096,0.1877071762158021,0.5102931752643384,0.22894878706199462,0.316083256840904,12227,human_approved,12741,12227,42909,42909,
Q-urban-2-4m__P1-4m,Q-urban-2-4m,P1-4m,P1,building,urban,urban,4.0,4.0,False,42,24,32a08982baea125f60feb95fe0a04dfe450ec9c12ee846384cbadd8ff6c5661c,research-v1,cb0c6b774471ad3314354041c8fa6aae7d49a9bb,246.04438804090023,710.7900840055663,11501.28173828125,0.012822898104786873,0.030404066666960716,0.31074076890945435,0.04321625456213951,0.07790931314229965,0.15417134761810303,262128,1.1444790331441128e-05,0.0,0.0,0.0,,0.0,0.0,0.0,official_human_vectors,0,0,57767,924272.0,m2,0.02112935669720173,0.040546830743551254,0.24548225104808807,0.07444042712450027,0.12097690254449844,0.1870802640914917,261969,0.0,0.0,0.0,0.0,,0.0,0.0,0,human_approved,0,0,55650,55650,
Q-urban-2-4m__P2-1m,Q-urban-2-4m,P2-1m,P2,building,urban,urban,1.0,4.0,False,42,24,32a08982baea125f60feb95fe0a04dfe450ec9c12ee846384cbadd8ff6c5661c,research-v1,cb0c6b774471ad3314354041c8fa6aae7d49a9bb,246.7790530063212,694.4939579989295,11501.28173828125,0.11354590207338333,0.14722609519958496,0.7562553882598877,0.33426621556282043,0.45414820313453674,0.6217541098594666,262128,0.12293612281023011,0.03574589513520112,0.0006866874198864677,0.06756455921638468,0.4534685165421558,0.07355410528502432,0.1265769992701491,81936.0,official_human_vectors,4249,5121,53518,856288.0,m2,0.21627335250377655,0.16926510632038116,0.7548268437385559,0.5168660283088684,0.6228726506233215,0.6914921998977661,261969,0.21295649485244436,0.10648969916287805,0.004790643167703049,0.18587123147675014,0.4694053123991827,0.2353099730458221,0.31347624690294085,14802,human_approved,13095,14802,42555,42555,
Q-urban-2-4m__P2-4m,Q-urban-2-4m,P2-4m,P2,building,urban,urban,4.0,4.0,False,42,24,32a08982baea125f60feb95fe0a04dfe450ec9c12ee846384cbadd8ff6c5661c,research-v1,cb0c6b774471ad3314354041c8fa6aae7d49a9bb,247.2810799954459,710.4792500031181,11501.28173828125,0.00017006101552397013,0.0004589531454257667,0.012952044606208801,0.000403273559641093,0.0006165210506878793,0.0016524647362530231,262128,0.0,0.0,0.0,0.0,,0.0,0.0,0.0,official_human_vectors,0,0,57767,924272.0,m2,0.0001758687139954418,0.0002023971755988896,0.0019440370379015803,0.00046838453272357583,0.0006095604039728642,0.0008793103625066578,261969,0.0,0.0,0.0,0.0,,0.0,0.0,0,human_approved,0,0,55650,55650,
Q-urban-2-4m__P3-1m,Q-urban-2-4m,P3-1m,P3,building,urban,urban,1.0,4.0,False,42,24,32a08982baea125f60feb95fe0a04dfe450ec9c12ee846384cbadd8ff6c5661c,research-v1,cb0c6b774471ad3314354041c8fa6aae7d49a9bb,244.7141979355365,694.2448329937179,11501.28173828125,0.012441325932741165,0.027985040098428726,0.32181477546691895,0.035350870341062546,0.07231996208429337,0.13734427094459534,262128,0.00010300311298297015,0.0,0.0,0.0,,0.0,0.0,0.0,official_human_vectors,0,0,57767,924272.0,m2,0.021152785047888756,0.0389941930770874,0.23966564238071442,0.06346224248409271,0.11662188172340393,0.18923939764499664,261969,0.0,0.0,0.0,0.0,,0.0,0.0,0,human_approved,0,0,55650,55650,
Q-urban-2-4m__P3-4m,Q-urban-2-4m,P3-4m,P3,building,urban,urban,4.0,4.0,False,42,24,32a08982baea125f60feb95fe0a04dfe450ec9c12ee846384cbadd8ff6c5661c,research-v1,cb0c6b774471ad3314354041c8fa6aae7d49a9bb,242.59439297020435,701.3033750117756,11501.28173828125,5.7878052757587284e-05,0.00015059149882290512,0.002319443505257368,0.000137855633511208,0.00027699169004336,0.0007327769999392331,262128,0.0,0.0,0.0,0.0,,0.0,0.0,0.0,official_human_vectors,0,0,57767,924272.0,m2,3.034850124095101e-05,3.7669033190468326e-05,0.0002964762970805168,7.759081199765205e-05,0.000104772079794202,0.0001848483079811558,261969,0.0,0.0,0.0,0.0,,0.0,0.0,0,human_approved,0,0,55650,55650,
Q-urban-2-4m__W-vegetation-4m,Q-urban-2-4m,W-vegetation-4m,W-vegetation,wrong,urban,outskirts,4.0,4.0,False,42,24,32a08982baea125f60feb95fe0a04dfe450ec9c12ee846384cbadd8ff6c5661c,research-v1,cb0c6b774471ad3314354041c8fa6aae7d49a9bb,245.20620296243578,687.3780839960091,11501.28173828125,0.006135933566838503,0.013759595341980457,0.25813576579093933,0.015215214341878891,0.02643684670329094,0.07416950911283493,262128,0.0,0.0,0.0,0.0,,0.0,0.0,0.0,official_human_vectors,0,0,57767,924272.0,m2,0.003974534571170807,0.002940840320661664,0.027221135795116425,0.00773434666916728,0.009562266059219837,0.014364346861839294,261969,0.0,0.0,0.0,0.0,,0.0,0.0,0,human_approved,0,0,55650,55650,
Q-urban-2-4m__W-field-4m,Q-urban-2-4m,W-field-4m,W-field,wrong,urban,outskirts,4.0,4.0,False,42,24,32a08982baea125f60feb95fe0a04dfe450ec9c12ee846384cbadd8ff6c5661c,research-v1,cb0c6b774471ad3314354041c8fa6aae7d49a9bb,245.64625299535692,687.5667079875711,11501.28173828125,0.006473235785961151,0.01982218213379383,0.40793904662132263,0.013710408471524715,0.028597865253686905,0.10814191401004791,262128,0.00020982115607642068,0.0,0.0,0.0,,0.0,0.0,0.0,official_human_vectors,0,0,57767,924272.0,m2,0.0028937675524502993,0.0022856476716697216,0.016051078215241432,0.005974147468805313,0.007366383448243141,0.010542324744164944,261969,0.0,0.0,0.0,0.0,,0.0,0.0,0,human_approved,0,0,55650,55650,
Q-outskirts-1-1m__P1-1m,Q-outskirts-1-1m,P1-1m,P1,building,outskirts,urban,1.0,1.0,False,42,24,32a08982baea125f60feb95fe0a04dfe450ec9c12ee846384cbadd8ff6c5661c,research-v1,cb0c6b774471ad3314354041c8fa6aae7d49a9bb,245.7942480687052,685.754458012525,11501.28173828125,0.014812182635068893,0.03310864418745041,0.34885111451148987,0.04947474226355553,0.08845976740121841,0.15749947726726532,262144,2.288818359375e-05,0.0,0.0,0.0,,0.0,0.0,0.0,official_human_vectors,0,0,142,142.0,m2,0.014812182635068893,0.03310864418745041,0.34885111451148987,0.04947474226355553,0.08845976740121841,0.15749947726726532,262144,2.288818359375e-05,0.0,0.0,0.0,,0.0,0.0,0,human_approved,0,0,142,142,
Q-outskirts-1-1m__P1-2m,Q-outskirts-1-1m,P1-2m,P1,building,outskirts,urban,2.0,1.0,False,42,24,32a08982baea125f60feb95fe0a04dfe450ec9c12ee846384cbadd8ff6c5661c,research-v1,cb0c6b774471ad3314354041c8fa6aae7d49a9bb,245.30687695369124,688.6386250262149,11501.28173828125,0.006427654530853033,0.018548108637332916,0.29155290126800537,0.015429209917783737,0.025844380259513855,0.09201526641845703,262144,0.0,0.0,0.0,0.0,,0.0,0.0,0.0,official_human_vectors,0,0,142,142.0,m2,0.006427654530853033,0.018548108637332916,0.29155290126800537,0.015429209917783737,0.025844380259513855,0.09201526641845703,262144,0.0,0.0,0.0,0.0,,0.0,0.0,0,human_approved,0,0,142,142,
Q-outskirts-1-1m__P2-1m,Q-outskirts-1-1m,P2-1m,P2,building,outskirts,urban,1.0,1.0,False,42,24,32a08982baea125f60feb95fe0a04dfe450ec9c12ee846384cbadd8ff6c5661c,research-v1,cb0c6b774471ad3314354041c8fa6aae7d49a9bb,243.76739002764225,698.104917013552,11501.28173828125,0.0034986226819455624,0.009465590119361877,0.30292797088623047,0.008564663119614124,0.01431902963668108,0.05002396181225777,262144,3.814697265625e-06,0.0,0.0,0.0,,0.0,0.0,0.0,official_human_vectors,0,0,142,142.0,m2,0.0034986226819455624,0.009465590119361877,0.30292797088623047,0.008564663119614124,0.01431902963668108,0.05002396181225777,262144,3.814697265625e-06,0.0,0.0,0.0,,0.0,0.0,0,human_approved,0,0,142,142,
Q-outskirts-1-1m__P2-2m,Q-outskirts-1-1m,P2-2m,P2,building,outskirts,urban,2.0,1.0,False,42,24,32a08982baea125f60feb95fe0a04dfe450ec9c12ee846384cbadd8ff6c5661c,research-v1,cb0c6b774471ad3314354041c8fa6aae7d49a9bb,246.30720796994865,693.5890000022482,11501.28173828125,0.008609565906226635,0.01142274122685194,0.14272119104862213,0.018450163304805756,0.027010707184672356,0.06182054802775383,262144,0.0,0.0,0.0,0.0,,0.0,0.0,0.0,official_human_vectors,0,0,142,142.0,m2,0.008609565906226635,0.01142274122685194,0.14272119104862213,0.018450163304805756,0.027010707184672356,0.06182054802775383,262144,0.0,0.0,0.0,0.0,,0.0,0.0,0,human_approved,0,0,142,142,
Q-outskirts-1-1m__P3-1m,Q-outskirts-1-1m,P3-1m,P3,building,outskirts,urban,1.0,1.0,False,42,24,32a08982baea125f60feb95fe0a04dfe450ec9c12ee846384cbadd8ff6c5661c,research-v1,cb0c6b774471ad3314354041c8fa6aae7d49a9bb,245.9875459317118,670.7937090250198,11501.28173828125,0.009271901100873947,0.018091054633259773,0.2656114101409912,0.023000463843345642,0.03285566344857216,0.08469098806381226,262144,0.0,0.0,0.0,0.0,,0.0,0.0,0.0,official_human_vectors,0,0,142,142.0,m2,0.009271901100873947,0.018091054633259773,0.2656114101409912,0.023000463843345642,0.03285566344857216,0.08469098806381226,262144,0.0,0.0,0.0,0.0,,0.0,0.0,0,human_approved,0,0,142,142,
Q-outskirts-1-1m__P3-2m,Q-outskirts-1-1m,P3-2m,P3,building,outskirts,urban,2.0,1.0,False,42,24,32a08982baea125f60feb95fe0a04dfe450ec9c12ee846384cbadd8ff6c5661c,research-v1,cb0c6b774471ad3314354041c8fa6aae7d49a9bb,242.25987598765641,684.2225000145845,11501.28173828125,0.04404560104012489,0.032781053334474564,0.24582411348819733,0.08708928525447845,0.10658399015665054,0.15545672178268433,262144,0.0,0.0,0.0,0.0,,0.0,0.0,0.0,official_human_vectors,0,0,142,142.0,m2,0.04404560104012489,0.032781053334474564,0.24582411348819733,0.08708928525447845,0.10658399015665054,0.15545672178268433,262144,0.0,0.0,0.0,0.0,,0.0,0.0,0,human_approved,0,0,142,142,
Q-outskirts-1-1m__W-vegetation-1m,Q-outskirts-1-1m,W-vegetation-1m,W-vegetation,wrong,outskirts,outskirts,1.0,1.0,False,42,24,32a08982baea125f60feb95fe0a04dfe450ec9c12ee846384cbadd8ff6c5661c,research-v1,cb0c6b774471ad3314354041c8fa6aae7d49a9bb,246.6123610502109,702.7972499781754,11501.28173828125,0.41909319162368774,0.2553127110004425,0.923983097076416,0.7662366628646851,0.8123789429664612,0.855807363986969,262144,0.6174545288085938,0.3937225341796875,0.1937713623046875,0.0,0.0,0.0,0.0,103212.0,official_human_vectors,0,103212,142,142.0,m2,0.41909319162368774,0.2553127110004425,0.923983097076416,0.7662366628646851,0.8123789429664612,0.855807363986969,262144,0.6174545288085938,0.3937225341796875,0.1937713623046875,0.0,0.0,0.0,0.0,103212,human_approved,0,103212,142,142,
Q-outskirts-1-1m__W-field-1m,Q-outskirts-1-1m,W-field-1m,W-field,wrong,outskirts,outskirts,1.0,1.0,False,42,24,32a08982baea125f60feb95fe0a04dfe450ec9c12ee846384cbadd8ff6c5661c,research-v1,cb0c6b774471ad3314354041c8fa6aae7d49a9bb,246.11264490522444,689.0734999906272,11501.28173828125,0.32350218296051025,0.19402757287025452,0.8302228450775146,0.5995097160339355,0.66489577293396,0.7153987884521484,262144,0.5255050659179688,0.22079849243164062,0.02120208740234375,0.0,0.0,0.0,0.0,57881.0,official_human_vectors,0,57881,142,142.0,m2,0.32350218296051025,0.19402757287025452,0.8302228450775146,0.5995097160339355,0.66489577293396,0.7153987884521484,262144,0.5255050659179688,0.22079849243164062,0.02120208740234375,0.0,0.0,0.0,0.0,57881,human_approved,0,57881,142,142,
Q-outskirts-1-1.5m__P1-1m,Q-outskirts-1-1.5m,P1-1m,P1,building,outskirts,urban,1.0,1.5,False,42,24,32a08982baea125f60feb95fe0a04dfe450ec9c12ee846384cbadd8ff6c5661c,research-v1,cb0c6b774471ad3314354041c8fa6aae7d49a9bb,245.16755098011345,701.0082089982461,11501.28173828125,0.013226915150880814,0.031706299632787704,0.3209175169467926,0.03907080739736557,0.08069363236427307,0.16022174060344696,262144,9.1552734375e-05,0.0,0.0,0.0,,0.0,0.0,0.0,official_human_vectors,0,0,114,256.5,m2,0.00480850413441658,0.012335401959717274,0.14348898828029633,0.015070797875523567,0.024940678849816322,0.06542480736970901,262144,0.0,0.0,0.0,0.0,,0.0,0.0,0,human_approved,0,0,142,142,
Q-outskirts-1-1.5m__P1-1.5m,Q-outskirts-1-1.5m,P1-1.5m,P1,building,outskirts,urban,1.5,1.5,False,42,24,32a08982baea125f60feb95fe0a04dfe450ec9c12ee846384cbadd8ff6c5661c,research-v1,cb0c6b774471ad3314354041c8fa6aae7d49a9bb,247.2861820133403,685.9721250075381,11501.28173828125,0.008031867444515228,0.018680112436413765,0.23404447734355927,0.0240112766623497,0.045720458030700684,0.09175439178943634,262144,0.0,0.0,0.0,0.0,,0.0,0.0,0.0,official_human_vectors,0,0,114,256.5,m2,0.004617517814040184,0.011172894388437271,0.14623647928237915,0.013925421051681042,0.025076091289520264,0.0588514506816864,262144,0.0,0.0,0.0,0.0,,0.0,0.0,0,human_approved,0,0,142,142,
Q-outskirts-1-1.5m__P2-1m,Q-outskirts-1-1.5m,P2-1m,P2,building,outskirts,urban,1.0,1.5,False,42,24,32a08982baea125f60feb95fe0a04dfe450ec9c12ee846384cbadd8ff6c5661c,research-v1,cb0c6b774471ad3314354041c8fa6aae7d49a9bb,243.1386150419712,648.1925830012187,11501.28173828125,0.003447821829468012,0.0073530105873942375,0.12433145195245743,0.009770255535840988,0.016033153980970383,0.03531764820218086,262144,0.0,0.0,0.0,0.0,,0.0,0.0,0.0,official_human_vectors,0,0,114,256.5,m2,0.0021171884145587683,0.005353856831789017,0.12243971973657608,0.005152503959834576,0.009407935664057732,0.025881027802824974,262144,0.0,0.0,0.0,0.0,,0.0,0.0,0,human_approved,0,0,142,142,
Q-outskirts-1-1.5m__P2-1.5m,Q-outskirts-1-1.5m,P2-1.5m,P2,building,outskirts,urban,1.5,1.5,False,42,24,32a08982baea125f60feb95fe0a04dfe450ec9c12ee846384cbadd8ff6c5661c,research-v1,cb0c6b774471ad3314354041c8fa6aae7d49a9bb,245.7810789346695,706.4087920007296,11501.28173828125,0.13126835227012634,0.11736586689949036,0.7276264429092407,0.299431174993515,0.37447690963745117,0.4694916605949402,262144,0.09966659545898438,0.003238677978515625,3.814697265625e-05,0.0,0.0,0.0,0.0,1910.25,official_human_vectors,0,849,114,256.5,m2,0.09446516633033752,0.08172021061182022,0.46568673849105835,0.20386382937431335,0.24448083341121674,0.337395578622818,262144,0.023777008056640625,0.0,0.0,0.0,,0.0,0.0,0,human_approved,0,0,142,142,
Q-outskirts-1-1.5m__P3-1m,Q-outskirts-1-1.5m,P3-1m,P3,building,outskirts,urban,1.0,1.5,False,42,24,32a08982baea125f60feb95fe0a04dfe450ec9c12ee846384cbadd8ff6c5661c,research-v1,cb0c6b774471ad3314354041c8fa6aae7d49a9bb,244.40953496377915,689.3186249944847,11501.28173828125,0.008355844765901566,0.014393404126167297,0.17651043832302094,0.021403348073363304,0.04022170230746269,0.07121657580137253,262144,0.0,0.0,0.0,0.0,,0.0,0.0,0.0,official_human_vectors,0,0,114,256.5,m2,0.004663006402552128,0.007168936543166637,0.07339643687009811,0.013010218739509583,0.019685979932546616,0.034931525588035583,262144,0.0,0.0,0.0,0.0,,0.0,0.0,0,human_approved,0,0,142,142,
Q-outskirts-1-1.5m__P3-1.5m,Q-outskirts-1-1.5m,P3-1.5m,P3,building,outskirts,urban,1.5,1.5,False,42,24,32a08982baea125f60feb95fe0a04dfe450ec9c12ee846384cbadd8ff6c5661c,research-v1,cb0c6b774471ad3314354041c8fa6aae7d49a9bb,245.9486280567944,702.4230420065578,11501.28173828125,0.03318430483341217,0.02995402179658413,0.30198934674263,0.06182042509317398,0.08141595870256424,0.1692918986082077,262144,7.62939453125e-06,0.0,0.0,0.0,,0.0,0.0,0.0,official_human_vectors,0,0,114,256.5,m2,0.03560544550418854,0.03695031628012657,0.30000028014183044,0.0662965178489685,0.10106117278337479,0.2079247385263443,262144,3.814697265625e-06,0.0,0.0,0.0,,0.0,0.0,0,human_approved,0,0,142,142,
Q-outskirts-1-1.5m__W-vegetation-1.5m,Q-outskirts-1-1.5m,W-vegetation-1.5m,W-vegetation,wrong,outskirts,outskirts,1.5,1.5,False,42,24,32a08982baea125f60feb95fe0a04dfe450ec9c12ee846384cbadd8ff6c5661c,research-v1,cb0c6b774471ad3314354041c8fa6aae7d49a9bb,246.34314503055066,708.1492079887539,11501.28173828125,0.4858245849609375,0.27980363368988037,0.9570842385292053,0.8239226937294006,0.8833144903182983,0.9108242988586426,262144,0.6872367858886719,0.5244522094726562,0.3016014099121094,2.1803434767757082e-05,2.1821038390480207e-05,0.02631578947368421,4.3605918776708624e-05,309327.75,official_human_vectors,3,137479,111,249.75,m2,0.4397038221359253,0.27859020233154297,0.935961127281189,0.8272666335105896,0.8788697719573975,0.9040067195892334,262144,0.6113319396972656,0.43680572509765625,0.2404022216796875,0.0,0.0,0.0,0.0,114506,human_approved,0,114506,142,142,
Q-outskirts-1-1.5m__W-field-1.5m,Q-outskirts-1-1.5m,W-field-1.5m,W-field,wrong,outskirts,outskirts,1.5,1.5,False,42,24,32a08982baea125f60feb95fe0a04dfe450ec9c12ee846384cbadd8ff6c5661c,research-v1,cb0c6b774471ad3314354041c8fa6aae7d49a9bb,242.71305603906512,687.0472499867901,11501.28173828125,0.355768620967865,0.22036752104759216,0.9019383788108826,0.6616876125335693,0.7544353008270264,0.8206459879875183,262144,0.5758590698242188,0.2711906433105469,0.078643798828125,0.0,0.0,0.0,0.0,159954.75,official_human_vectors,0,71091,114,256.5,m2,0.33367177844047546,0.21504083275794983,0.8011189699172974,0.6642748117446899,0.7212275862693787,0.7703055143356323,262144,0.5060081481933594,0.24238204956054688,0.06978988647460938,0.0,0.0,0.0,0.0,63539,human_approved,0,63539,142,142,
Q-outskirts-1-2m__P1-1m,Q-outskirts-1-2m,P1-1m,P1,building,outskirts,urban,1.0,2.0,False,42,24,32a08982baea125f60feb95fe0a04dfe450ec9c12ee846384cbadd8ff6c5661c,research-v1,cb0c6b774471ad3314354041c8fa6aae7d49a9bb,248.2441880274564,709.1525419964455,11501.28173828125,0.015166319906711578,0.041613101959228516,0.42498302459716797,0.04687395691871643,0.10204526782035828,0.21477162837982178,262144,0.002300262451171875,0.0,0.0,0.0,,0.0,0.0,0.0,official_human_vectors,0,0,158,632.0,m2,0.00544338021427393,0.014249133877456188,0.14137770235538483,0.01590210758149624,0.03334108367562294,0.07381129264831543,262144,0.0,0.0,0.0,0.0,,0.0,0.0,0,human_approved,0,0,142,142,
Q-outskirts-1-2m__P1-2m,Q-outskirts-1-2m,P1-2m,P1,building,outskirts,urban,2.0,2.0,False,42,24,32a08982baea125f60feb95fe0a04dfe450ec9c12ee846384cbadd8ff6c5661c,research-v1,cb0c6b774471ad3314354041c8fa6aae7d49a9bb,242.52307403367013,693.8713749987073,11501.28173828125,0.0042550573125481606,0.010541788302361965,0.17725296318531036,0.012478036805987358,0.023487096652388573,0.0547153614461422,262144,0.0,0.0,0.0,0.0,,0.0,0.0,0.0,official_human_vectors,0,0,158,632.0,m2,0.0027183324564248323,0.007259732112288475,0.08750508725643158,0.007078119553625584,0.015033598989248276,0.03995839133858681,262144,0.0,0.0,0.0,0.0,,0.0,0.0,0,human_approved,0,0,142,142,
Q-outskirts-1-2m__P2-1m,Q-outskirts-1-2m,P2-1m,P2,building,outskirts,urban,1.0,2.0,False,42,24,32a08982baea125f60feb95fe0a04dfe450ec9c12ee846384cbadd8ff6c5661c,research-v1,cb0c6b774471ad3314354041c8fa6aae7d49a9bb,247.25240608677268,697.9458749992773,11501.28173828125,0.0028274254873394966,0.009542690590023994,0.2767651379108429,0.006029406096786261,0.012238983064889908,0.04090551286935806,262144,0.0,0.0,0.0,0.0,,0.0,0.0,0.0,official_human_vectors,0,0,158,632.0,m2,0.0018029049970209599,0.004825437441468239,0.05804074555635452,0.004426287487149239,0.010171942412853241,0.027407802641391754,262144,0.0,0.0,0.0,0.0,,0.0,0.0,0,human_approved,0,0,142,142,
Q-outskirts-1-2m__P2-2m,Q-outskirts-1-2m,P2-2m,P2,building,outskirts,urban,2.0,2.0,False,42,24,32a08982baea125f60feb95fe0a04dfe450ec9c12ee846384cbadd8ff6c5661c,research-v1,cb0c6b774471ad3314354041c8fa6aae7d49a9bb,242.7785659674555,702.8573749994393,11501.28173828125,0.004010009579360485,0.007341352757066488,0.09409233927726746,0.00854392908513546,0.014279322698712349,0.04196863994002342,262144,0.0,0.0,0.0,0.0,,0.0,0.0,0.0,official_human_vectors,0,0,158,632.0,m2,0.002445229096338153,0.0029785139486193657,0.026506217196583748,0.005948848556727171,0.008270789869129658,0.01523613277822733,262144,0.0,0.0,0.0,0.0,,0.0,0.0,0,human_approved,0,0,142,142,
Q-outskirts-1-2m__P3-1m,Q-outskirts-1-2m,P3-1m,P3,building,outskirts,urban,1.0,2.0,False,42,24,32a08982baea125f60feb95fe0a04dfe450ec9c12ee846384cbadd8ff6c5661c,research-v1,cb0c6b774471ad3314354041c8fa6aae7d49a9bb,246.6278710635379,698.9549580030143,11501.28173828125,0.0069245221093297005,0.01548281405121088,0.2333611696958542,0.018045561388134956,0.02955601178109646,0.08288082480430603,262144,0.0,0.0,0.0,0.0,,0.0,0.0,0.0,official_human_vectors,0,0,158,632.0,m2,0.003601883538067341,0.007126449141651392,0.0739380493760109,0.009220427833497524,0.016841039061546326,0.03957998752593994,262144,0.0,0.0,0.0,0.0,,0.0,0.0,0,human_approved,0,0,142,142,
Q-outskirts-1-2m__P3-2m,Q-outskirts-1-2m,P3-2m,P3,building,outskirts,urban,2.0,2.0,False,42,24,32a08982baea125f60feb95fe0a04dfe450ec9c12ee846384cbadd8ff6c5661c,research-v1,cb0c6b774471ad3314354041c8fa6aae7d49a9bb,244.297849945724,702.653750020545,11501.28173828125,0.03087472729384899,0.04708604887127876,0.3675000071525574,0.07588169723749161,0.14019080996513367,0.2385653257369995,262144,0.000823974609375,0.0,0.0,0.0,,0.0,0.0,0.0,official_human_vectors,0,0,158,632.0,m2,0.01552845723927021,0.015826789662241936,0.12197250872850418,0.033841583877801895,0.05131030082702637,0.07426833361387253,262144,0.0,0.0,0.0,0.0,,0.0,0.0,0,human_approved,0,0,142,142,
Q-outskirts-1-2m__W-vegetation-2m,Q-outskirts-1-2m,W-vegetation-2m,W-vegetation,wrong,outskirts,outskirts,2.0,2.0,False,42,24,32a08982baea125f60feb95fe0a04dfe450ec9c12ee846384cbadd8ff6c5661c,research-v1,cb0c6b774471ad3314354041c8fa6aae7d49a9bb,247.20251490361989,701.6482919862028,11501.28173828125,0.34377771615982056,0.25201353430747986,0.820712685585022,0.6919974088668823,0.7276574373245239,0.770469069480896,262144,0.5274581909179688,0.3389396667480469,0.08704757690429688,0.0,0.0,0.0,0.0,355404.0,official_human_vectors,0,88851,158,632.0,m2,0.3161795139312744,0.23409759998321533,0.819564938545227,0.670654296875,0.7395523190498352,0.7770218253135681,262144,0.45172119140625,0.2717247009277344,0.07773208618164062,0.0,0.0,0.0,0.0,71231,human_approved,0,71231,142,142,
Q-outskirts-1-2m__W-field-2m,Q-outskirts-1-2m,W-field-2m,W-field,wrong,outskirts,outskirts,2.0,2.0,False,42,24,32a08982baea125f60feb95fe0a04dfe450ec9c12ee846384cbadd8ff6c5661c,research-v1,cb0c6b774471ad3314354041c8fa6aae7d49a9bb,246.03756598662585,691.1747500125784,11501.28173828125,0.2736069858074188,0.20816728472709656,0.7640032768249512,0.5765193104743958,0.6142451763153076,0.6703495979309082,262144,0.4469490051269531,0.18353271484375,0.003360748291015625,0.0,0.0,0.0,0.0,192448.0,official_human_vectors,0,48112,158,632.0,m2,0.26455849409103394,0.19969375431537628,0.7632888555526733,0.5692267417907715,0.6432452201843262,0.7019274234771729,262144,0.3953437805175781,0.14667892456054688,0.010433197021484375,0.0,0.0,0.0,0.0,38451,human_approved,0,38451,142,142,
Q-outskirts-1-3m__P1-1m,Q-outskirts-1-3m,P1-1m,P1,building,outskirts,urban,1.0,3.0,False,42,24,32a08982baea125f60feb95fe0a04dfe450ec9c12ee846384cbadd8ff6c5661c,research-v1,cb0c6b774471ad3314354041c8fa6aae7d49a9bb,244.1067680483684,695.3738329757471,11501.28173828125,0.028865627944469452,0.09352918714284897,0.772221565246582,0.045090459287166595,0.16565918922424316,0.5306673645973206,262143,0.033607611113018465,0.014339501722342385,0.0016632143524717424,0.10108303249097472,0.1042830540037244,0.7671232876712328,0.18360655737704917,30303.0,official_human_vectors,392,3367,119,1071.0,m2,0.0016816416755318642,0.004292546305805445,0.043575577437877655,0.004289944656193256,0.0077259475365281105,0.025585345923900604,262144,0.0,0.0,0.0,0.0,,0.0,0.0,0,human_approved,0,0,142,142,
Q-outskirts-1-3m__P1-3m,Q-outskirts-1-3m,P1-3m,P1,building,outskirts,urban,3.0,3.0,False,42,24,32a08982baea125f60feb95fe0a04dfe450ec9c12ee846384cbadd8ff6c5661c,research-v1,cb0c6b774471ad3314354041c8fa6aae7d49a9bb,246.32814503274858,709.1311250114813,11501.28173828125,0.0478399284183979,0.10151999443769455,0.7043386697769165,0.1307504028081894,0.26044875383377075,0.5247334241867065,262143,0.0433351262478876,0.013191273465246067,2.2888270905574437e-05,0.07941256459069894,0.08444187391555813,0.5714285714285714,0.1471403376165281,28494.0,official_human_vectors,292,3166,219,1971.0,m2,0.006983793340623379,0.013802939094603062,0.12390394508838654,0.016742777079343796,0.024231133982539177,0.08124168962240219,262144,0.0,0.0,0.0,0.0,,0.0,0.0,0,human_approved,0,0,142,142,
Q-outskirts-1-3m__P2-1m,Q-outskirts-1-3m,P2-1m,P2,building,outskirts,urban,1.0,3.0,False,42,24,32a08982baea125f60feb95fe0a04dfe450ec9c12ee846384cbadd8ff6c5661c,research-v1,cb0c6b774471ad3314354041c8fa6aae7d49a9bb,244.18984295334667,698.1965839804616,11501.28173828125,0.010604054667055607,0.05984187126159668,0.7596133351325989,0.013943205587565899,0.03344131261110306,0.23258772492408752,262143,0.009197270192223328,0.007202175911620756,0.002460489122349252,0.19650872817955112,0.2086864406779661,0.7710371819960861,0.32847019591496457,13446.0,official_human_vectors,394,1494,117,1053.0,m2,0.0005431496538221836,0.0010613506892696023,0.011005723848938942,0.001557142473757267,0.002752904547378421,0.005243067163974047,262144,0.0,0.0,0.0,0.0,,0.0,0.0,0,human_approved,0,0,142,142,
Q-outskirts-1-3m__P2-3m,Q-outskirts-1-3m,P2-3m,P2,building,outskirts,urban,3.0,3.0,False,42,24,32a08982baea125f60feb95fe0a04dfe450ec9c12ee846384cbadd8ff6c5661c,research-v1,cb0c6b774471ad3314354041c8fa6aae7d49a9bb,243.00118698738515,694.3743749870919,11501.28173828125,0.0009869879577308893,0.0026934067718684673,0.0352582149207592,0.0020566934254020452,0.004121299833059311,0.014565741643309593,262143,0.0,0.0,0.0,0.0,,0.0,0.0,0.0,official_human_vectors,0,0,511,4599.0,m2,0.0002810083096846938,0.0005075793596915901,0.004486200399696827,0.0006339237443171442,0.0011039451928809285,0.00283082015812397,262144,0.0,0.0,0.0,0.0,,0.0,0.0,0,human_approved,0,0,142,142,
Q-outskirts-1-3m__P3-1m,Q-outskirts-1-3m,P3-1m,P3,building,outskirts,urban,1.0,3.0,False,42,24,32a08982baea125f60feb95fe0a04dfe450ec9c12ee846384cbadd8ff6c5661c,research-v1,cb0c6b774471ad3314354041c8fa6aae7d49a9bb,244.27718902006745,675.0313750235364,11501.28173828125,0.007163021247833967,0.01856900192797184,0.26904991269111633,0.017190976068377495,0.026698261499404907,0.07114843279123306,262143,0.0,0.0,0.0,0.0,,0.0,0.0,0.0,official_human_vectors,0,0,511,4599.0,m2,0.001377347158268094,0.0020386367104947567,0.01870403252542019,0.0036931463982909918,0.00569531973451376,0.0101051339879632,262144,0.0,0.0,0.0,0.0,,0.0,0.0,0,human_approved,0,0,142,142,
Q-outskirts-1-3m__P3-3m,Q-outskirts-1-3m,P3-3m,P3,building,outskirts,urban,3.0,3.0,False,42,24,32a08982baea125f60feb95fe0a04dfe450ec9c12ee846384cbadd8ff6c5661c,research-v1,cb0c6b774471ad3314354041c8fa6aae7d49a9bb,247.15135095175356,691.7579160071909,11501.28173828125,0.001638917252421379,0.00139117322396487,0.007276649586856365,0.00375248771160841,0.004450305365025997,0.005473522003740072,262143,0.0,0.0,0.0,0.0,,0.0,0.0,0.0,official_human_vectors,0,0,511,4599.0,m2,0.0016760892467573285,0.001155506237410009,0.005658173467963934,0.0033521545119583607,0.0039719631895422935,0.004787588492035866,262144,0.0,0.0,0.0,0.0,,0.0,0.0,0,human_approved,0,0,142,142,
Q-outskirts-1-3m__W-vegetation-3m,Q-outskirts-1-3m,W-vegetation-3m,W-vegetation,wrong,outskirts,outskirts,3.0,3.0,False,42,24,32a08982baea125f60feb95fe0a04dfe450ec9c12ee846384cbadd8ff6c5661c,research-v1,cb0c6b774471ad3314354041c8fa6aae7d49a9bb,247.40900297183543,679.3379159935284,11501.28173828125,0.023105746135115623,0.034186411648988724,0.3531694710254669,0.06176910176873207,0.0887041836977005,0.171183779835701,262143,0.0002975475217724677,0.0,0.0,0.0,,0.0,0.0,0.0,official_human_vectors,0,0,511,4599.0,m2,0.014070102944970131,0.015407578088343143,0.1636267900466919,0.03407009318470955,0.04335368052124977,0.07474145293235779,262144,0.0,0.0,0.0,0.0,,0.0,0.0,0,human_approved,0,0,142,142,
Q-outskirts-1-3m__W-field-3m,Q-outskirts-1-3m,W-field-3m,W-field,wrong,outskirts,outskirts,3.0,3.0,False,42,24,32a08982baea125f60feb95fe0a04dfe450ec9c12ee846384cbadd8ff6c5661c,research-v1,cb0c6b774471ad3314354041c8fa6aae7d49a9bb,246.21792300604284,677.3907089955173,11501.28173828125,0.19937893748283386,0.1624343991279602,0.6960213780403137,0.46735695004463196,0.5216124653816223,0.6028528809547424,262143,0.25541784445894034,0.07230023307889205,0.0,0.0,0.0,0.0,0.0,170577.0,official_human_vectors,0,18953,511,4599.0,m2,0.21180236339569092,0.13753202557563782,0.5599685907363892,0.4477638006210327,0.5053138136863708,0.5346375107765198,262144,0.2506065368652344,0.054706573486328125,0.0,0.0,0.0,0.0,0.0,14341,human_approved,0,14341,142,142,
Q-outskirts-1-4m__P1-1m,Q-outskirts-1-4m,P1-1m,P1,building,outskirts,urban,1.0,4.0,False,42,24,32a08982baea125f60feb95fe0a04dfe450ec9c12ee846384cbadd8ff6c5661c,research-v1,cb0c6b774471ad3314354041c8fa6aae7d49a9bb,246.2272000266239,678.02470800234,11501.28173828125,0.05268861725926399,0.1096968874335289,0.7869383096694946,0.15517085790634155,0.2636760175228119,0.6309992074966431,262132,0.041444768284681,0.016342911205041735,0.004684662689026902,0.11980692983968282,0.16223155929038283,0.3141952983725136,0.21397783251231528,57424.0,official_human_vectors,695,3589,1517,24272.0,m2,0.009510192088782787,0.02776181325316429,0.23394234478473663,0.024115074425935745,0.04346654564142227,0.17144155502319336,262144,0.0,0.0,0.0,0.0,,0.0,0.0,0,human_approved,0,0,142,142,
Q-outskirts-1-4m__P1-4m,Q-outskirts-1-4m,P1-4m,P1,building,outskirts,urban,4.0,4.0,False,42,24,32a08982baea125f60feb95fe0a04dfe450ec9c12ee846384cbadd8ff6c5661c,research-v1,cb0c6b774471ad3314354041c8fa6aae7d49a9bb,244.83236006926745,695.9419170161709,11501.28173828125,0.03074541874229908,0.08866990357637405,0.6990958452224731,0.05031738057732582,0.18306802213191986,0.5080386996269226,262132,0.03348313063647323,0.01111653670669739,0.0,0.0,0.0,0.0,0.0,46624.0,official_human_vectors,0,2914,2212,35392.0,m2,0.0030768446158617735,0.004757698625326157,0.03105543740093708,0.00999809242784977,0.014118720777332783,0.020614683628082275,262144,0.0,0.0,0.0,0.0,,0.0,0.0,0,human_approved,0,0,142,142,
Q-outskirts-1-4m__P2-1m,Q-outskirts-1-4m,P2-1m,P2,building,outskirts,urban,1.0,4.0,False,42,24,32a08982baea125f60feb95fe0a04dfe450ec9c12ee846384cbadd8ff6c5661c,research-v1,cb0c6b774471ad3314354041c8fa6aae7d49a9bb,244.3149769678712,673.7077499856241,11501.28173828125,0.03341958671808243,0.09367828071117401,0.7420145273208618,0.09211526066064835,0.17545591294765472,0.531532347202301,262132,0.03299864190560481,0.011463690049288145,0.00045015488379900205,0.11331626120358515,0.1767054908485857,0.24005424954792043,0.20356526739505462,39584.0,official_human_vectors,531,2474,1681,26896.0,m2,0.001628792379051447,0.003236648626625538,0.026751287281513214,0.005687586963176727,0.008502625860273838,0.015443031676113605,262144,0.0,0.0,0.0,0.0,,0.0,0.0,0,human_approved,0,0,142,142,
Q-outskirts-1-4m__P2-4m,Q-outskirts-1-4m,P2-4m,P2,building,outskirts,urban,4.0,4.0,False,42,24,32a08982baea125f60feb95fe0a04dfe450ec9c12ee846384cbadd8ff6c5661c,research-v1,cb0c6b774471ad3314354041c8fa6aae7d49a9bb,246.31630606018007,699.52787499642,11501.28173828125,0.0007081622607074678,0.0011425913544371724,0.019302118569612503,0.0016647038282826543,0.0028469525277614594,0.005408375058323145,262132,0.0,0.0,0.0,0.0,,0.0,0.0,0.0,official_human_vectors,0,0,2212,35392.0,m2,0.0004378574958536774,0.00047171683399938047,0.0027947810012847185,0.0011619462165981531,0.0015740052331238985,0.002031167969107628,262144,0.0,0.0,0.0,0.0,,0.0,0.0,0,human_approved,0,0,142,142,
Q-outskirts-1-4m__P3-1m,Q-outskirts-1-4m,P3-1m,P3,building,outskirts,urban,1.0,4.0,False,42,24,32a08982baea125f60feb95fe0a04dfe450ec9c12ee846384cbadd8ff6c5661c,research-v1,cb0c6b774471ad3314354041c8fa6aae7d49a9bb,244.35074802022427,676.3309999951161,11501.28173828125,0.021633123978972435,0.049581315368413925,0.5999065637588501,0.05755357816815376,0.12669537961483002,0.25880444049835205,262132,0.005783345795248196,0.000251781545175713,0.0,0.0,0.0,0.0,0.0,1056.0,official_human_vectors,0,66,2212,35392.0,m2,0.003684133756905794,0.006330425851047039,0.0397723987698555,0.01312953606247902,0.01854887418448925,0.028204115107655525,262144,0.0,0.0,0.0,0.0,,0.0,0.0,0,human_approved,0,0,142,142,
Q-outskirts-1-4m__P3-4m,Q-outskirts-1-4m,P3-4m,P3,building,outskirts,urban,4.0,4.0,False,42,24,32a08982baea125f60feb95fe0a04dfe450ec9c12ee846384cbadd8ff6c5661c,research-v1,cb0c6b774471ad3314354041c8fa6aae7d49a9bb,246.78658600896597,701.3992500142194,11501.28173828125,0.0007366092759184539,0.0009474843391217291,0.006520305760204792,0.0020436071790754795,0.0029795849695801735,0.004390480928122997,262132,0.0,0.0,0.0,0.0,,0.0,0.0,0.0,official_human_vectors,0,0,2212,35392.0,m2,0.0007209052564576268,0.0006424777675420046,0.0037390273064374924,0.0015580502804368734,0.002285031834617257,0.003190014511346817,262144,0.0,0.0,0.0,0.0,,0.0,0.0,0,human_approved,0,0,142,142,
Q-outskirts-1-4m__W-vegetation-4m,Q-outskirts-1-4m,W-vegetation-4m,W-vegetation,wrong,outskirts,outskirts,4.0,4.0,False,42,24,32a08982baea125f60feb95fe0a04dfe450ec9c12ee846384cbadd8ff6c5661c,research-v1,cb0c6b774471ad3314354041c8fa6aae7d49a9bb,247.935003018938,678.5523340222426,11501.28173828125,0.02275787480175495,0.02975168637931347,0.23208634555339813,0.05862650275230408,0.09114047884941101,0.14096373319625854,262132,0.0,0.0,0.0,0.0,,0.0,0.0,0.0,official_human_vectors,0,0,2212,35392.0,m2,0.02304880879819393,0.01634514145553112,0.09401247650384903,0.04688284546136856,0.05460803583264351,0.06932973861694336,262144,0.0,0.0,0.0,0.0,,0.0,0.0,0,human_approved,0,0,142,142,
Q-outskirts-1-4m__W-field-4m,Q-outskirts-1-4m,W-field-4m,W-field,wrong,outskirts,outskirts,4.0,4.0,False,42,24,32a08982baea125f60feb95fe0a04dfe450ec9c12ee846384cbadd8ff6c5661c,research-v1,cb0c6b774471ad3314354041c8fa6aae7d49a9bb,246.48852495010942,686.4668749913108,11501.28173828125,0.06942528486251831,0.08458025008440018,0.5143493413925171,0.18959036469459534,0.2582862973213196,0.3819746971130371,262132,0.02905406436451864,8.774205362183938e-05,0.0,0.0,0.0,0.0,0.0,368.0,official_human_vectors,0,23,2212,35392.0,m2,0.08183863759040833,0.06066873297095299,0.3021262586116791,0.17365774512290955,0.2055511325597763,0.27124741673469543,262144,3.4332275390625e-05,0.0,0.0,0.0,,0.0,0.0,0,human_approved,0,0,142,142,
Q-outskirts-2-1m__P1-1m,Q-outskirts-2-1m,P1-1m,P1,building,outskirts,urban,1.0,1.0,False,42,24,32a08982baea125f60feb95fe0a04dfe450ec9c12ee846384cbadd8ff6c5661c,research-v1,cb0c6b774471ad3314354041c8fa6aae7d49a9bb,244.27460099104792,668.5995830048341,11501.28173828125,0.029440507292747498,0.07131671160459518,0.6644074320793152,0.0810808390378952,0.20731276273727417,0.3576163649559021,262144,0.0226898193359375,0.000286102294921875,0.0,0.0,0.0,0.0,0.0,75.0,official_human_vectors,0,75,142,142.0,m2,0.029440507292747498,0.07131671160459518,0.6644074320793152,0.0810808390378952,0.20731276273727417,0.3576163649559021,262144,0.0226898193359375,0.000286102294921875,0.0,0.0,0.0,0.0,0.0,75,human_approved,0,75,142,142,
Q-outskirts-2-1m__P1-2m,Q-outskirts-2-1m,P1-2m,P1,building,outskirts,urban,2.0,1.0,False,42,24,32a08982baea125f60feb95fe0a04dfe450ec9c12ee846384cbadd8ff6c5661c,research-v1,cb0c6b774471ad3314354041c8fa6aae7d49a9bb,246.51063396595418,678.9385830052197,11501.28173828125,0.00920807383954525,0.019568156450986862,0.2805025279521942,0.028069762513041496,0.05250042676925659,0.09627537429332733,262144,0.0,0.0,0.0,0.0,,0.0,0.0,0.0,official_human_vectors,0,0,142,142.0,m2,0.00920807383954525,0.019568156450986862,0.2805025279521942,0.028069762513041496,0.05250042676925659,0.09627537429332733,262144,0.0,0.0,0.0,0.0,,0.0,0.0,0,human_approved,0,0,142,142,
Q-outskirts-2-1m__P2-1m,Q-outskirts-2-1m,P2-1m,P2,building,outskirts,urban,1.0,1.0,False,42,24,32a08982baea125f60feb95fe0a04dfe450ec9c12ee846384cbadd8ff6c5661c,research-v1,cb0c6b774471ad3314354041c8fa6aae7d49a9bb,247.6783120073378,680.2267500024755,11501.28173828125,0.0044389571994543076,0.013070148415863514,0.3883201479911804,0.011051910929381847,0.019283628091216087,0.046264711767435074,262144,0.00022125244140625,0.0,0.0,0.0,,0.0,0.0,0.0,official_human_vectors,0,0,142,142.0,m2,0.0044389571994543076,0.013070148415863514,0.3883201479911804,0.011051910929381847,0.019283628091216087,0.046264711767435074,262144,0.00022125244140625,0.0,0.0,0.0,,0.0,0.0,0,human_approved,0,0,142,142,
Q-outskirts-2-1m__P2-2m,Q-outskirts-2-1m,P2-2m,P2,building,outskirts,urban,2.0,1.0,False,42,24,32a08982baea125f60feb95fe0a04dfe450ec9c12ee846384cbadd8ff6c5661c,research-v1,cb0c6b774471ad3314354041c8fa6aae7d49a9bb,244.82216697651893,668.7969580234494,11501.28173828125,0.009027060121297836,0.011069562286138535,0.1462295949459076,0.02045610547065735,0.029783504083752632,0.05605049803853035,262144,0.0,0.0,0.0,0.0,,0.0,0.0,0.0,official_human_vectors,0,0,142,142.0,m2,0.009027060121297836,0.011069562286138535,0.1462295949459076,0.02045610547065735,0.029783504083752632,0.05605049803853035,262144,0.0,0.0,0.0,0.0,,0.0,0.0,0,human_approved,0,0,142,142,
Q-outskirts-2-1m__P3-1m,Q-outskirts-2-1m,P3-1m,P3,building,outskirts,urban,1.0,1.0,False,42,24,32a08982baea125f60feb95fe0a04dfe450ec9c12ee846384cbadd8ff6c5661c,research-v1,cb0c6b774471ad3314354041c8fa6aae7d49a9bb,247.60369095019996,662.1380410215352,11501.28173828125,0.01706143654882908,0.028419004753232002,0.526757001876831,0.04591856524348259,0.07353398203849792,0.1391260176897049,262144,0.000156402587890625,7.62939453125e-06,0.0,0.0,0.0,0.0,0.0,2.0,official_human_vectors,0,2,142,142.0,m2,0.01706143654882908,0.028419004753232002,0.526757001876831,0.04591856524348259,0.07353398203849792,0.1391260176897049,262144,0.000156402587890625,7.62939453125e-06,0.0,0.0,0.0,0.0,0.0,2,human_approved,0,2,142,142,
Q-outskirts-2-1m__P3-2m,Q-outskirts-2-1m,P3-2m,P3,building,outskirts,urban,2.0,1.0,False,42,24,32a08982baea125f60feb95fe0a04dfe450ec9c12ee846384cbadd8ff6c5661c,research-v1,cb0c6b774471ad3314354041c8fa6aae7d49a9bb,247.0951370196417,685.2912080066744,11501.28173828125,0.045798227190971375,0.033562298864126205,0.22709131240844727,0.09172532707452774,0.10630937665700912,0.13855409622192383,262144,0.0,0.0,0.0,0.0,,0.0,0.0,0.0,official_human_vectors,0,0,142,142.0,m2,0.045798227190971375,0.033562298864126205,0.22709131240844727,0.09172532707452774,0.10630937665700912,0.13855409622192383,262144,0.0,0.0,0.0,0.0,,0.0,0.0,0,human_approved,0,0,142,142,
Q-outskirts-2-1m__W-vegetation-1m,Q-outskirts-2-1m,W-vegetation-1m,W-vegetation,wrong,outskirts,outskirts,1.0,1.0,False,42,24,32a08982baea125f60feb95fe0a04dfe450ec9c12ee846384cbadd8ff6c5661c,research-v1,cb0c6b774471ad3314354041c8fa6aae7d49a9bb,244.77609200403094,688.1554159917869,11501.28173828125,0.41954779624938965,0.2844029366970062,0.9062400460243225,0.7803528308868408,0.8234748840332031,0.8646327257156372,262144,0.5947456359863281,0.4398002624511719,0.236724853515625,0.0,0.0,0.0,0.0,115291.0,official_human_vectors,0,115291,142,142.0,m2,0.41954779624938965,0.2844029366970062,0.9062400460243225,0.7803528308868408,0.8234748840332031,0.8646327257156372,262144,0.5947456359863281,0.4398002624511719,0.236724853515625,0.0,0.0,0.0,0.0,115291,human_approved,0,115291,142,142,
Q-outskirts-2-1m__W-field-1m,Q-outskirts-2-1m,W-field-1m,W-field,wrong,outskirts,outskirts,1.0,1.0,False,42,24,32a08982baea125f60feb95fe0a04dfe450ec9c12ee846384cbadd8ff6c5661c,research-v1,cb0c6b774471ad3314354041c8fa6aae7d49a9bb,241.88169406261295,670.9917919943109,11501.28173828125,0.34783241152763367,0.2471337914466858,0.8238264322280884,0.7002772688865662,0.7389734387397766,0.7692450881004333,262144,0.5242385864257812,0.3403663635253906,0.1001739501953125,0.0,0.0,0.0,0.0,89225.0,official_human_vectors,0,89225,142,142.0,m2,0.34783241152763367,0.2471337914466858,0.8238264322280884,0.7002772688865662,0.7389734387397766,0.7692450881004333,262144,0.5242385864257812,0.3403663635253906,0.1001739501953125,0.0,0.0,0.0,0.0,89225,human_approved,0,89225,142,142,
Q-outskirts-2-1.5m__P1-1m,Q-outskirts-2-1.5m,P1-1m,P1,building,outskirts,urban,1.0,1.5,False,42,24,32a08982baea125f60feb95fe0a04dfe450ec9c12ee846384cbadd8ff6c5661c,research-v1,cb0c6b774471ad3314354041c8fa6aae7d49a9bb,245.55289302952588,668.4042089909781,11501.28173828125,0.014239627867937088,0.035113509744405746,0.39814358949661255,0.04188654199242592,0.07516245543956757,0.1981097310781479,262144,0.000553131103515625,0.0,0.0,0.0,,0.0,0.0,0.0,official_human_vectors,0,0,75,168.75,m2,0.008455970324575901,0.01846831664443016,0.17482729256153107,0.0317256860435009,0.04834744706749916,0.08972164243459702,262144,0.0,0.0,0.0,0.0,,0.0,0.0,0,human_approved,0,0,142,142,
Q-outskirts-2-1.5m__P1-1.5m,Q-outskirts-2-1.5m,P1-1.5m,P1,building,outskirts,urban,1.5,1.5,False,42,24,32a08982baea125f60feb95fe0a04dfe450ec9c12ee846384cbadd8ff6c5661c,research-v1,cb0c6b774471ad3314354041c8fa6aae7d49a9bb,247.07553605549037,673.6182500026189,11501.28173828125,0.011854232288897038,0.021439192816615105,0.21741633117198944,0.037098228931427,0.05820807069540024,0.1018904447555542,262144,0.0,0.0,0.0,0.0,,0.0,0.0,0.0,official_human_vectors,0,0,75,168.75,m2,0.009698833338916302,0.01718216948211193,0.15785351395606995,0.03261573985219002,0.048047490417957306,0.07752851396799088,262144,0.0,0.0,0.0,0.0,,0.0,0.0,0,human_approved,0,0,142,142,
Q-outskirts-2-1.5m__P2-1m,Q-outskirts-2-1.5m,P2-1m,P2,building,outskirts,urban,1.0,1.5,False,42,24,32a08982baea125f60feb95fe0a04dfe450ec9c12ee846384cbadd8ff6c5661c,research-v1,cb0c6b774471ad3314354041c8fa6aae7d49a9bb,248.0015290202573,674.3662919907365,11501.28173828125,0.0036062560975551605,0.008769473060965538,0.18860915303230286,0.008803566917777061,0.015364475548267365,0.04213625565171242,262144,0.0,0.0,0.0,0.0,,0.0,0.0,0.0,official_human_vectors,0,0,75,168.75,m2,0.0024437755346298218,0.007314507383853197,0.18424354493618011,0.0058333994820714,0.009271551854908466,0.023802347481250763,262144,0.0,0.0,0.0,0.0,,0.0,0.0,0,human_approved,0,0,142,142,
Q-outskirts-2-1.5m__P2-1.5m,Q-outskirts-2-1.5m,P2-1.5m,P2,building,outskirts,urban,1.5,1.5,False,42,24,32a08982baea125f60feb95fe0a04dfe450ec9c12ee846384cbadd8ff6c5661c,research-v1,cb0c6b774471ad3314354041c8fa6aae7d49a9bb,246.6206829994917,678.4150419989601,11501.28173828125,0.12060517817735672,0.1116589680314064,0.6200815439224243,0.29311829805374146,0.34353071451187134,0.41343438625335693,262144,0.09198760986328125,0.00028228759765625,0.0,0.0,0.0,0.0,0.0,166.5,official_human_vectors,0,74,75,168.75,m2,0.11794064939022064,0.1139158383011818,0.46905985474586487,0.2903231084346771,0.33427491784095764,0.3947886526584625,262144,0.08551025390625,0.0,0.0,0.0,,0.0,0.0,0,human_approved,0,0,142,142,
Q-outskirts-2-1.5m__P3-1m,Q-outskirts-2-1.5m,P3-1m,P3,building,outskirts,urban,1.0,1.5,False,42,24,32a08982baea125f60feb95fe0a04dfe450ec9c12ee846384cbadd8ff6c5661c,research-v1,cb0c6b774471ad3314354041c8fa6aae7d49a9bb,245.20855396986008,674.2676249996293,11501.28173828125,0.010207267478108406,0.01553757581859827,0.16915231943130493,0.027831468731164932,0.04277033358812332,0.07478585839271545,262144,0.0,0.0,0.0,0.0,,0.0,0.0,0.0,official_human_vectors,0,0,75,168.75,m2,0.007633746601641178,0.011229881085455418,0.08966847509145737,0.021251298487186432,0.030366405844688416,0.05713244900107384,262144,0.0,0.0,0.0,0.0,,0.0,0.0,0,human_approved,0,0,142,142,
Q-outskirts-2-1.5m__P3-1.5m,Q-outskirts-2-1.5m,P3-1.5m,P3,building,outskirts,urban,1.5,1.5,False,42,24,32a08982baea125f60feb95fe0a04dfe450ec9c12ee846384cbadd8ff6c5661c,research-v1,cb0c6b774471ad3314354041c8fa6aae7d49a9bb,245.0140779837966,674.7800410084892,11501.28173828125,0.048413023352622986,0.05089498683810234,0.36526384949684143,0.12039219588041306,0.15928977727890015,0.23465293645858765,262144,0.00139617919921875,0.0,0.0,0.0,,0.0,0.0,0.0,official_human_vectors,0,0,75,168.75,m2,0.04172813147306442,0.03969408571720123,0.2692094147205353,0.1068941056728363,0.13098379969596863,0.17015111446380615,262144,0.0,0.0,0.0,0.0,,0.0,0.0,0,human_approved,0,0,142,142,
Q-outskirts-2-1.5m__W-vegetation-1.5m,Q-outskirts-2-1.5m,W-vegetation-1.5m,W-vegetation,wrong,outskirts,outskirts,1.5,1.5,False,42,24,32a08982baea125f60feb95fe0a04dfe450ec9c12ee846384cbadd8ff6c5661c,research-v1,cb0c6b774471ad3314354041c8fa6aae7d49a9bb,248.8717749947682,688.7463330058381,11501.28173828125,0.44410955905914307,0.2983079254627228,0.9264853596687317,0.8394628763198853,0.8786400556564331,0.9034674167633057,262144,0.6204872131347656,0.4626655578613281,0.28229522705078125,0.0,0.0,0.0,0.0,272891.25,official_human_vectors,0,121285,75,168.75,m2,0.424064040184021,0.3129149079322815,0.9163341522216797,0.8440332412719727,0.8829591870307922,0.9068002700805664,262144,0.5579147338867188,0.42552947998046875,0.3145103454589844,0.0,0.0,0.0,0.0,111550,human_approved,0,111550,142,142,
Q-outskirts-2-1.5m__W-field-1.5m,Q-outskirts-2-1.5m,W-field-1.5m,W-field,wrong,outskirts,outskirts,1.5,1.5,False,42,24,32a08982baea125f60feb95fe0a04dfe450ec9c12ee846384cbadd8ff6c5661c,research-v1,cb0c6b774471ad3314354041c8fa6aae7d49a9bb,244.70327096059918,682.8539169800933,11501.28173828125,0.35094696283340454,0.23705528676509857,0.8331335783004761,0.6909306645393372,0.7425470352172852,0.7990612983703613,262144,0.5511589050292969,0.307342529296875,0.09086990356445312,0.0,0.0,0.0,0.0,181278.0,official_human_vectors,0,80568,75,168.75,m2,0.3459997773170471,0.2575250267982483,0.8274824023246765,0.7274733185768127,0.7750339508056641,0.8062092661857605,262144,0.5056610107421875,0.33727264404296875,0.12074661254882812,0.0,0.0,0.0,0.0,88414,human_approved,0,88414,142,142,
Q-outskirts-2-2m__P1-1m,Q-outskirts-2-2m,P1-1m,P1,building,outskirts,urban,1.0,2.0,False,42,24,32a08982baea125f60feb95fe0a04dfe450ec9c12ee846384cbadd8ff6c5661c,research-v1,cb0c6b774471ad3314354041c8fa6aae7d49a9bb,246.17951293475926,679.9484170041978,11501.28173828125,0.01077885739505291,0.03440229967236519,0.38862344622612,0.020796891301870346,0.051620904356241226,0.20265774428844452,262144,0.00183868408203125,0.0,0.0,0.0,,0.0,0.0,0.0,official_human_vectors,0,0,78,312.0,m2,0.007423588074743748,0.024113941937685013,0.2728455364704132,0.015273763798177242,0.050456106662750244,0.13939419388771057,262144,0.0,0.0,0.0,0.0,,0.0,0.0,0,human_approved,0,0,142,142,
Q-outskirts-2-2m__P1-2m,Q-outskirts-2-2m,P1-2m,P1,building,outskirts,urban,2.0,2.0,False,42,24,32a08982baea125f60feb95fe0a04dfe450ec9c12ee846384cbadd8ff6c5661c,research-v1,cb0c6b774471ad3314354041c8fa6aae7d49a9bb,242.84628708846867,663.652249990264,11501.28173828125,0.006102010607719421,0.021659255027770996,0.3410578966140747,0.00958509836345911,0.02625640295445919,0.13826386630535126,262144,4.1961669921875e-05,0.0,0.0,0.0,,0.0,0.0,0.0,official_human_vectors,0,0,78,312.0,m2,0.0017354005249217153,0.003694100771099329,0.05112896114587784,0.004805606324225664,0.007828696630895138,0.019994007423520088,262144,0.0,0.0,0.0,0.0,,0.0,0.0,0,human_approved,0,0,142,142,
Q-outskirts-2-2m__P2-1m,Q-outskirts-2-2m,P2-1m,P2,building,outskirts,urban,1.0,2.0,False,42,24,32a08982baea125f60feb95fe0a04dfe450ec9c12ee846384cbadd8ff6c5661c,research-v1,cb0c6b774471ad3314354041c8fa6aae7d49a9bb,246.22157507110387,676.8562079814728,11501.28173828125,0.004625958390533924,0.012523293495178223,0.1961698830127716,0.011799612082540989,0.0227830670773983,0.06543603539466858,262144,0.0,0.0,0.0,0.0,,0.0,0.0,0.0,official_human_vectors,0,0,78,312.0,m2,0.001520507619716227,0.003054272150620818,0.03900018706917763,0.005102782044559717,0.007645550649613142,0.013753793202340603,262144,0.0,0.0,0.0,0.0,,0.0,0.0,0,human_approved,0,0,142,142,
Q-outskirts-2-2m__P2-2m,Q-outskirts-2-2m,P2-2m,P2,building,outskirts,urban,2.0,2.0,False,42,24,32a08982baea125f60feb95fe0a04dfe450ec9c12ee846384cbadd8ff6c5661c,research-v1,cb0c6b774471ad3314354041c8fa6aae7d49a9bb,244.9086488923058,696.3117500126828,11501.28173828125,0.00536661222577095,0.009947147220373154,0.11590734124183655,0.011561807245016098,0.020177006721496582,0.05710768327116966,262144,0.0,0.0,0.0,0.0,,0.0,0.0,0.0,official_human_vectors,0,0,78,312.0,m2,0.002714970149099827,0.003014362882822752,0.02577155828475952,0.0065957591868937016,0.00880590919405222,0.014365295879542828,262144,0.0,0.0,0.0,0.0,,0.0,0.0,0,human_approved,0,0,142,142,
Q-outskirts-2-2m__P3-1m,Q-outskirts-2-2m,P3-1m,P3,building,outskirts,urban,1.0,2.0,False,42,24,32a08982baea125f60feb95fe0a04dfe450ec9c12ee846384cbadd8ff6c5661c,research-v1,cb0c6b774471ad3314354041c8fa6aae7d49a9bb,248.31892200745642,764.5564159902278,11501.28173828125,0.01000269316136837,0.020571326836943626,0.254300594329834,0.02728384919464588,0.047657448798418045,0.10559937357902527,262144,0.0,0.0,0.0,0.0,,0.0,0.0,0.0,official_human_vectors,0,0,78,312.0,m2,0.00485039409250021,0.009124740026891232,0.07079927623271942,0.0163204837590456,0.027214426547288895,0.04179513454437256,262144,0.0,0.0,0.0,0.0,,0.0,0.0,0,human_approved,0,0,142,142,
Q-outskirts-2-2m__P3-2m,Q-outskirts-2-2m,P3-2m,P3,building,outskirts,urban,2.0,2.0,False,42,24,32a08982baea125f60feb95fe0a04dfe450ec9c12ee846384cbadd8ff6c5661c,research-v1,cb0c6b774471ad3314354041c8fa6aae7d49a9bb,243.84222901426256,712.418915994931,11501.28173828125,0.04082891345024109,0.05544079467654228,0.43165042996406555,0.10747460275888443,0.17384110391139984,0.2692622244358063,262144,0.003162384033203125,0.0,0.0,0.0,,0.0,0.0,0.0,official_human_vectors,0,0,78,312.0,m2,0.017591744661331177,0.017323529347777367,0.10583572089672089,0.03905612975358963,0.052953023463487625,0.0812840685248375,262144,0.0,0.0,0.0,0.0,,0.0,0.0,0,human_approved,0,0,142,142,
Q-outskirts-2-2m__W-vegetation-2m,Q-outskirts-2-2m,W-vegetation-2m,W-vegetation,wrong,outskirts,outskirts,2.0,2.0,False,42,24,32a08982baea125f60feb95fe0a04dfe450ec9c12ee846384cbadd8ff6c5661c,research-v1,cb0c6b774471ad3314354041c8fa6aae7d49a9bb,244.24052808899432,680.6677499844227,11501.28173828125,0.3542506694793701,0.254917174577713,0.8728312253952026,0.7146284580230713,0.7666497826576233,0.8043555617332458,262144,0.5494956970214844,0.334075927734375,0.11194610595703125,0.0,0.0,0.0,0.0,350304.0,official_human_vectors,0,87576,78,312.0,m2,0.33721044659614563,0.2716139554977417,0.8308565616607666,0.7369344830513,0.7730476260185242,0.7983607053756714,262144,0.46123504638671875,0.3441619873046875,0.14029693603515625,0.0,0.0,0.0,0.0,90220,human_approved,0,90220,142,142,
Q-outskirts-2-2m__W-field-2m,Q-outskirts-2-2m,W-field-2m,W-field,wrong,outskirts,outskirts,2.0,2.0,False,42,24,32a08982baea125f60feb95fe0a04dfe450ec9c12ee846384cbadd8ff6c5661c,research-v1,cb0c6b774471ad3314354041c8fa6aae7d49a9bb,244.29569707717746,776.3492499943823,11501.28173828125,0.2884827256202698,0.21063652634620667,0.7280788421630859,0.5871462821960449,0.6376328468322754,0.6792649626731873,262144,0.47237396240234375,0.22251129150390625,0.002269744873046875,0.0,0.0,0.0,0.0,233320.0,official_human_vectors,0,58330,78,312.0,m2,0.27617940306663513,0.2195235639810562,0.6966260075569153,0.6145068407058716,0.6464114189147949,0.6733362674713135,262144,0.41131591796875,0.236572265625,0.0,0.0,0.0,0.0,0.0,62016,human_approved,0,62016,142,142,
Q-outskirts-2-3m__P1-1m,Q-outskirts-2-3m,P1-1m,P1,building,outskirts,urban,1.0,3.0,False,42,24,32a08982baea125f60feb95fe0a04dfe450ec9c12ee846384cbadd8ff6c5661c,research-v1,cb0c6b774471ad3314354041c8fa6aae7d49a9bb,243.403765023686,689.8817080073059,11501.28173828125,0.03497426211833954,0.09786373376846313,0.9066466689109802,0.09296759217977524,0.18775290250778198,0.5405712723731995,262140,0.0295223926146334,0.010822461280231937,0.005752651255054551,0.05645933014354067,0.062389848431441665,0.3726315789473684,0.1068840579710145,23940.0,official_human_vectors,177,2660,298,2682.0,m2,0.0024721084628254175,0.006240634247660637,0.06567087769508362,0.006785113364458084,0.012733333744108677,0.03522375598549843,262144,0.0,0.0,0.0,0.0,,0.0,0.0,0,human_approved,0,0,142,142,
Q-outskirts-2-3m__P1-3m,Q-outskirts-2-3m,P1-3m,P1,building,outskirts,urban,3.0,3.0,False,42,24,32a08982baea125f60feb95fe0a04dfe450ec9c12ee846384cbadd8ff6c5661c,research-v1,cb0c6b774471ad3314354041c8fa6aae7d49a9bb,245.67937501706183,705.9331669879612,11501.28173828125,0.05472075939178467,0.09801096469163895,0.8871810436248779,0.15221604704856873,0.24876582622528076,0.4951084852218628,262140,0.033958953231097884,0.009834439612420844,0.002632181277180133,0.0366723259762309,0.04189294026377036,0.22736842105263158,0.07075008188666886,22230.0,official_human_vectors,108,2470,367,3303.0,m2,0.008469769731163979,0.012219621799886227,0.09999142587184906,0.022884827107191086,0.03220047801733017,0.06204846873879433,262144,0.0,0.0,0.0,0.0,,0.0,0.0,0,human_approved,0,0,142,142,
Q-outskirts-2-3m__P2-1m,Q-outskirts-2-3m,P2-1m,P2,building,outskirts,urban,1.0,3.0,False,42,24,32a08982baea125f60feb95fe0a04dfe450ec9c12ee846384cbadd8ff6c5661c,research-v1,cb0c6b774471ad3314354041c8fa6aae7d49a9bb,243.46010200679302,676.9256670086179,11501.28173828125,0.017551377415657043,0.05581386387348175,0.5836154818534851,0.03864119201898575,0.0798744335770607,0.3325141370296478,262140,0.013031204699778745,0.0012092774853131915,0.0,0.0063532401524777635,0.015772870662460567,0.010526315789473684,0.012626262626262626,2808.0,official_human_vectors,5,312,470,4230.0,m2,0.0010219726245850325,0.0019369288347661495,0.02717379853129387,0.0030647912062704563,0.004935326520353556,0.008431951515376568,262144,0.0,0.0,0.0,0.0,,0.0,0.0,0,human_approved,0,0,142,142,
Q-outskirts-2-3m__P2-3m,Q-outskirts-2-3m,P2-3m,P2,building,outskirts,urban,3.0,3.0,False,42,24,32a08982baea125f60feb95fe0a04dfe450ec9c12ee846384cbadd8ff6c5661c,research-v1,cb0c6b774471ad3314354041c8fa6aae7d49a9bb,248.27921495307237,729.8541670024861,11501.28173828125,0.0015047286869958043,0.0035628981422632933,0.04488513991236687,0.003958157263696194,0.008382714353501797,0.01878499425947666,262140,0.0,0.0,0.0,0.0,,0.0,0.0,0.0,official_human_vectors,0,0,475,4275.0,m2,0.000524290488101542,0.0005636303103528917,0.003970940597355366,0.001390524790622294,0.001708613010123372,0.0023089207243174314,262144,0.0,0.0,0.0,0.0,,0.0,0.0,0,human_approved,0,0,142,142,
Q-outskirts-2-3m__P3-1m,Q-outskirts-2-3m,P3-1m,P3,building,outskirts,urban,1.0,3.0,False,42,24,32a08982baea125f60feb95fe0a04dfe450ec9c12ee846384cbadd8ff6c5661c,research-v1,cb0c6b774471ad3314354041c8fa6aae7d49a9bb,246.88988202251494,686.3702079863288,11501.28173828125,0.01552958320826292,0.03785710036754608,0.3949110507965088,0.0332159660756588,0.0733482837677002,0.21289202570915222,262140,0.0018272678721293965,0.0,0.0,0.0,,0.0,0.0,0.0,official_human_vectors,0,0,475,4275.0,m2,0.0031231811735779047,0.005027713254094124,0.04512394592165947,0.00930748414248228,0.013278298079967499,0.02525276690721512,262144,0.0,0.0,0.0,0.0,,0.0,0.0,0,human_approved,0,0,142,142,
Q-outskirts-2-3m__P3-3m,Q-outskirts-2-3m,P3-3m,P3,building,outskirts,urban,3.0,3.0,False,42,24,32a08982baea125f60feb95fe0a04dfe450ec9c12ee846384cbadd8ff6c5661c,research-v1,cb0c6b774471ad3314354041c8fa6aae7d49a9bb,244.4326300173998,697.6790420012549,11501.28173828125,0.00154902006033808,0.0013344748876988888,0.007388490252196789,0.0036698675248771906,0.0042130653746426105,0.005167015828192234,262140,0.0,0.0,0.0,0.0,,0.0,0.0,0.0,official_human_vectors,0,0,475,4275.0,m2,0.0020107286982238293,0.001351035782136023,0.006092256400734186,0.003956419415771961,0.004278440028429031,0.004986139480024576,262144,0.0,0.0,0.0,0.0,,0.0,0.0,0,human_approved,0,0,142,142,
Q-outskirts-2-3m__W-vegetation-3m,Q-outskirts-2-3m,W-vegetation-3m,W-vegetation,wrong,outskirts,outskirts,3.0,3.0,False,42,24,32a08982baea125f60feb95fe0a04dfe450ec9c12ee846384cbadd8ff6c5661c,research-v1,cb0c6b774471ad3314354041c8fa6aae7d49a9bb,247.12195596657693,682.6072919939179,11501.28173828125,0.027322467416524887,0.04661761596798897,0.4704629182815552,0.06872273236513138,0.10989934951066971,0.260358601808548,262140,0.007587548638132296,0.0,0.0,0.0,,0.0,0.0,0.0,official_human_vectors,0,0,475,4275.0,m2,0.0109780952334404,0.01096681971102953,0.11485795676708221,0.020779188722372055,0.02952982299029827,0.05961240828037262,262144,0.0,0.0,0.0,0.0,,0.0,0.0,0,human_approved,0,0,142,142,
Q-outskirts-2-3m__W-field-3m,Q-outskirts-2-3m,W-field-3m,W-field,wrong,outskirts,outskirts,3.0,3.0,False,42,24,32a08982baea125f60feb95fe0a04dfe450ec9c12ee846384cbadd8ff6c5661c,research-v1,cb0c6b774471ad3314354041c8fa6aae7d49a9bb,246.73470994457603,691.8462500034366,11501.28173828125,0.18562538921833038,0.1529434323310852,0.7389469742774963,0.42607223987579346,0.49039965867996216,0.6193142533302307,262140,0.21893644617380026,0.04382391088731212,0.0018730449378194858,0.0,0.0,0.0,0.0,103392.0,official_human_vectors,0,11488,475,4275.0,m2,0.18630485236644745,0.10922006517648697,0.4625850319862366,0.33209922909736633,0.37835556268692017,0.43305107951164246,262144,0.16815567016601562,0.0,0.0,0.0,,0.0,0.0,0,human_approved,0,0,142,142,
Q-outskirts-2-4m__P1-1m,Q-outskirts-2-4m,P1-1m,P1,building,outskirts,urban,1.0,4.0,False,42,24,32a08982baea125f60feb95fe0a04dfe450ec9c12ee846384cbadd8ff6c5661c,research-v1,cb0c6b774471ad3314354041c8fa6aae7d49a9bb,241.8804409680888,844.1217090003192,11501.28173828125,0.07520528882741928,0.11816605925559998,0.7538886070251465,0.25726640224456787,0.32867440581321716,0.48940566182136536,262135,0.06704942109981499,0.009205180536746333,0.0002708528048524615,0.10966196433324461,0.17074181516784087,0.23462414578587698,0.19764931638282562,32016.0,official_human_vectors,412,2001,1344,21504.0,m2,0.041797466576099396,0.09178164601325989,0.5148195624351501,0.15413253009319305,0.2997708022594452,0.39101916551589966,262144,0.049816131591796875,0.000385284423828125,0.0,0.0,0.0,0.0,0.0,101,human_approved,0,101,142,142,
Q-outskirts-2-4m__P1-4m,Q-outskirts-2-4m,P1-4m,P1,building,outskirts,urban,4.0,4.0,False,42,24,32a08982baea125f60feb95fe0a04dfe450ec9c12ee846384cbadd8ff6c5661c,research-v1,cb0c6b774471ad3314354041c8fa6aae7d49a9bb,245.65631104633212,703.6810000136029,11501.28173828125,0.03496134281158447,0.08179568499326706,0.6796266436576843,0.08019944280385971,0.12447322905063629,0.502784252166748,262135,0.0271730215347054,0.01028477692791882,0.0,0.0,0.0,0.0,0.0,43136.0,official_human_vectors,0,2696,1756,28096.0,m2,0.019393999129533768,0.03186003491282463,0.17326465249061584,0.06608858704566956,0.11008980870246887,0.13050273060798645,262144,0.0,0.0,0.0,0.0,,0.0,0.0,0,human_approved,0,0,142,142,
Q-outskirts-2-4m__P2-1m,Q-outskirts-2-4m,P2-1m,P2,building,outskirts,urban,1.0,4.0,False,42,24,32a08982baea125f60feb95fe0a04dfe450ec9c12ee846384cbadd8ff6c5661c,research-v1,cb0c6b774471ad3314354041c8fa6aae7d49a9bb,242.264197091572,679.1579170094337,11501.28173828125,0.022313060238957405,0.06175079941749573,0.7116825580596924,0.061463914811611176,0.10728374868631363,0.32466447353363037,262135,0.01141396608617697,0.005207240543994507,5.7222423560379196e-05,0.09971811134601832,0.20732600732600734,0.1611617312072893,0.18135213072733097,17312.0,official_human_vectors,283,1082,1473,23568.0,m2,0.006856389343738556,0.014295263215899467,0.07828283309936523,0.023470379412174225,0.04345615208148956,0.06451895087957382,262144,0.0,0.0,0.0,0.0,,0.0,0.0,0,human_approved,0,0,142,142,
Q-outskirts-2-4m__P2-4m,Q-outskirts-2-4m,P2-4m,P2,building,outskirts,urban,4.0,4.0,False,42,24,32a08982baea125f60feb95fe0a04dfe450ec9c12ee846384cbadd8ff6c5661c,research-v1,cb0c6b774471ad3314354041c8fa6aae7d49a9bb,246.76704208832234,745.6851660099346,11501.28173828125,0.0009227789123542607,0.001557114184834063,0.018856653943657875,0.002330462448298931,0.0038686443585902452,0.007719593122601509,262135,0.0,0.0,0.0,0.0,,0.0,0.0,0.0,official_human_vectors,0,0,1756,28096.0,m2,0.0019566810224205256,0.003125151852145791,0.01880909688770771,0.004637239035218954,0.009434104897081852,0.01580745540559292,262144,0.0,0.0,0.0,0.0,,0.0,0.0,0,human_approved,0,0,142,142,
Q-outskirts-2-4m__P3-1m,Q-outskirts-2-4m,P3-1m,P3,building,outskirts,urban,1.0,4.0,False,42,24,32a08982baea125f60feb95fe0a04dfe450ec9c12ee846384cbadd8ff6c5661c,research-v1,cb0c6b774471ad3314354041c8fa6aae7d49a9bb,244.7648950619623,701.7513749888167,11501.28173828125,0.021791988983750343,0.0496109314262867,0.46447160840034485,0.05920587480068207,0.11134204268455505,0.2802068293094635,262135,0.007873805481908178,0.0,0.0,0.0,,0.0,0.0,0.0,official_human_vectors,0,0,1756,28096.0,m2,0.01981716975569725,0.04759123548865318,0.28450849652290344,0.05368368327617645,0.1444322168827057,0.23513884842395782,262144,0.0,0.0,0.0,0.0,,0.0,0.0,0,human_approved,0,0,142,142,
Q-outskirts-2-4m__P3-4m,Q-outskirts-2-4m,P3-4m,P3,building,outskirts,urban,4.0,4.0,False,42,24,32a08982baea125f60feb95fe0a04dfe450ec9c12ee846384cbadd8ff6c5661c,research-v1,cb0c6b774471ad3314354041c8fa6aae7d49a9bb,242.81992891337723,708.1454590079375,11501.28173828125,0.0008498976239934564,0.0010406896471977234,0.006447272840887308,0.002315646270290017,0.0033646614756435156,0.004503963980823755,262135,0.0,0.0,0.0,0.0,,0.0,0.0,0.0,official_human_vectors,0,0,1756,28096.0,m2,0.0014052465558052063,0.0012518370058387518,0.005480195861309767,0.003780801547691226,0.004298080690205097,0.00467184791341424,262144,0.0,0.0,0.0,0.0,,0.0,0.0,0,human_approved,0,0,142,142,
Q-outskirts-2-4m__W-vegetation-4m,Q-outskirts-2-4m,W-vegetation-4m,W-vegetation,wrong,outskirts,outskirts,4.0,4.0,False,42,24,32a08982baea125f60feb95fe0a04dfe450ec9c12ee846384cbadd8ff6c5661c,research-v1,cb0c6b774471ad3314354041c8fa6aae7d49a9bb,244.80385694187135,681.9141249870881,11501.28173828125,0.02701118029654026,0.032514091581106186,0.39410972595214844,0.07089542597532272,0.09655338525772095,0.14857833087444305,262135,9.15558776966067e-05,0.0,0.0,0.0,,0.0,0.0,0.0,official_human_vectors,0,0,1756,28096.0,m2,0.0238758847117424,0.020680109038949013,0.13354584574699402,0.05210091546177864,0.06544293463230133,0.09563642740249634,262144,0.0,0.0,0.0,0.0,,0.0,0.0,0,human_approved,0,0,142,142,
Q-outskirts-2-4m__W-field-4m,Q-outskirts-2-4m,W-field-4m,W-field,wrong,outskirts,outskirts,4.0,4.0,False,42,24,32a08982baea125f60feb95fe0a04dfe450ec9c12ee846384cbadd8ff6c5661c,research-v1,cb0c6b774471ad3314354041c8fa6aae7d49a9bb,244.41201193258166,685.2671250235289,11501.28173828125,0.07651593536138535,0.08692283928394318,0.5266106724739075,0.20580317080020905,0.26979705691337585,0.38085365295410156,262135,0.03362771091231617,0.00019074141186793065,0.0,0.0,0.0,0.0,0.0,800.0,official_human_vectors,0,50,1756,28096.0,m2,0.09457184374332428,0.08935718983411789,0.4345424175262451,0.20275475084781647,0.3150506317615509,0.4146011769771576,262144,0.05652618408203125,0.0,0.0,0.0,,0.0,0.0,0,human_approved,0,0,142,142,
SAT-42__SAT-42,SAT-42,SAT-42,S-42,building,satellite,satellite,,,True,42,24,32a08982baea125f60feb95fe0a04dfe450ec9c12ee846384cbadd8ff6c5661c,research-v1,cb0c6b774471ad3314354041c8fa6aae7d49a9bb,242.83400597050786,735.4248750198167,11501.28173828125,0.06403316557407379,0.09249880164861679,0.6558379530906677,0.15046855807304382,0.22997848689556122,0.535194456577301,262144,0.030120849609375,0.012996673583984375,0.0,0.10679611650485436,0.3519225124743176,0.13294156780130834,0.19298245614035087,,official_human_vectors,1199,2208,7820,,withheld_metadata_conflict,,,,,,,,,,,,,,,,,,,,,
SAT-42__SAT-1551,SAT-42,SAT-1551,S-1551,building,satellite,satellite,,,True,42,24,32a08982baea125f60feb95fe0a04dfe450ec9c12ee846384cbadd8ff6c5661c,research-v1,cb0c6b774471ad3314354041c8fa6aae7d49a9bb,244.11432398483157,700.4970419802703,11501.28173828125,0.0501035675406456,0.10594446212053299,0.7198864221572876,0.10343965142965317,0.28845617175102234,0.5949313044548035,262144,0.047077178955078125,0.01844024658203125,0.000186920166015625,0.1297504485402055,0.3291270169631775,0.1764053664486085,0.22969753843932722,,official_human_vectors,1591,3243,7428,,withheld_metadata_conflict,,,,,,,,,,,,,,,,,,,,,
SAT-42__SW-43,SAT-42,SW-43,SW-43,wrong,satellite,satellite,,,True,42,24,32a08982baea125f60feb95fe0a04dfe450ec9c12ee846384cbadd8ff6c5661c,research-v1,cb0c6b774471ad3314354041c8fa6aae7d49a9bb,247.66244599595666,717.7345829841215,11501.28173828125,0.23337695002555847,0.14870084822177887,0.6494876742362976,0.44121772050857544,0.4735683500766754,0.5255359411239624,262144,0.3589515686035156,0.022571563720703125,0.0,0.0,0.0,0.0,0.0,,official_human_vectors,0,5917,9019,,withheld_metadata_conflict,,,,,,,,,,,,,,,,,,,,,
SAT-42__SW-3725,SAT-42,SW-3725,SW-3725,wrong,satellite,satellite,,,True,42,24,32a08982baea125f60feb95fe0a04dfe450ec9c12ee846384cbadd8ff6c5661c,research-v1,cb0c6b774471ad3314354041c8fa6aae7d49a9bb,243.84960194583982,706.3642079883721,11501.28173828125,0.3520660698413849,0.191409632563591,0.7423111200332642,0.6067689657211304,0.6267762780189514,0.6581870913505554,262144,0.5650177001953125,0.3059730529785156,0.00037384033203125,0.0,0.0,0.0,0.0,,official_human_vectors,0,80209,9019,,withheld_metadata_conflict,,,,,,,,,,,,,,,,,,,,,
SAT-42__P1-1m,SAT-42,P1-1m,P1,building,satellite,urban,1.0,,True,42,24,32a08982baea125f60feb95fe0a04dfe450ec9c12ee846384cbadd8ff6c5661c,research-v1,cb0c6b774471ad3314354041c8fa6aae7d49a9bb,243.8408900052309,701.6409169882536,11501.28173828125,0.038138143718242645,0.09126019477844238,0.7717652320861816,0.07968814671039581,0.21643981337547302,0.49947863817214966,262144,0.035308837890625,0.009979248046875,0.000713348388671875,0.2171775290302333,0.7935779816513762,0.23018072957090588,0.35685431886549207,,official_human_vectors,2076,540,6943,,withheld_metadata_conflict,,,,,,,,,,,,,,,,,,,,,
SAT-43__SAT-42,SAT-43,SAT-42,S-42,building,satellite,satellite,,,True,42,24,32a08982baea125f60feb95fe0a04dfe450ec9c12ee846384cbadd8ff6c5661c,research-v1,cb0c6b774471ad3314354041c8fa6aae7d49a9bb,246.03709997609258,614.7590829932597,11501.28173828125,0.13219495117664337,0.1213311031460762,0.5683833360671997,0.3334004580974579,0.3779314458370209,0.4356914162635803,262144,0.1342010498046875,0.003017425537109375,0.0,0.17964946445959104,0.9329962073324906,0.18199753390875462,0.304581097812629,,official_human_vectors,738,53,3317,,withheld_metadata_conflict,,,,,,,,,,,,,,,,,,,,,
SAT-43__SAT-1551,SAT-43,SAT-1551,S-1551,building,satellite,satellite,,,True,42,24,32a08982baea125f60feb95fe0a04dfe450ec9c12ee846384cbadd8ff6c5661c,research-v1,cb0c6b774471ad3314354041c8fa6aae7d49a9bb,242.60920600499958,615.8989170216955,11501.28173828125,0.08033980429172516,0.10717517137527466,0.7158278226852417,0.17623569071292877,0.31285205483436584,0.5543567538261414,262144,0.05242156982421875,0.01592254638671875,0.000301361083984375,0.5898377125193199,0.7314326784858649,0.7528976572133169,0.7420099647587799,,official_human_vectors,3053,1121,1002,,withheld_metadata_conflict,,,,,,,,,,,,,,,,,,,,,
SAT-43__SW-43,SAT-43,SW-43,SW-43,wrong,satellite,satellite,,,True,42,24,32a08982baea125f60feb95fe0a04dfe450ec9c12ee846384cbadd8ff6c5661c,research-v1,cb0c6b774471ad3314354041c8fa6aae7d49a9bb,243.7127809971571,702.7592090016697,11501.28173828125,0.35889744758605957,0.2087845802307129,0.7228413224220276,0.6347809433937073,0.6497622728347778,0.6677841544151306,262144,0.5344657897949219,0.3592872619628906,7.2479248046875e-05,0.0,0.0,0.0,0.0,,official_human_vectors,0,94185,4055,,withheld_metadata_conflict,,,,,,,,,,,,,,,,,,,,,
SAT-43__SW-3725,SAT-43,SW-3725,SW-3725,wrong,satellite,satellite,,,True,42,24,32a08982baea125f60feb95fe0a04dfe450ec9c12ee846384cbadd8ff6c5661c,research-v1,cb0c6b774471ad3314354041c8fa6aae7d49a9bb,241.98300996795297,712.1114589972422,11501.28173828125,0.41907188296318054,0.19375768303871155,0.6983276605606079,0.6534245014190674,0.6690865159034729,0.683378279209137,262144,0.6606330871582031,0.41747283935546875,0.0,0.0,0.0,0.0,0.0,,official_human_vectors,0,109438,4055,,withheld_metadata_conflict,,,,,,,,,,,,,,,,,,,,,
SAT-43__P1-1m,SAT-43,P1-1m,P1,building,satellite,urban,1.0,,True,42,24,32a08982baea125f60feb95fe0a04dfe450ec9c12ee846384cbadd8ff6c5661c,research-v1,cb0c6b774471ad3314354041c8fa6aae7d49a9bb,243.59568709041923,686.3379580026958,11501.28173828125,0.1521839052438736,0.15402716398239136,0.8062739968299866,0.4027385711669922,0.44259634613990784,0.6500256061553955,262144,0.19241714477539062,0.0185394287109375,0.00534820556640625,0.3625248357022772,0.48806584362139915,0.584956843403206,0.5321368480089737,,official_human_vectors,2372,2488,1683,,withheld_metadata_conflict,,,,,,,,,,,,,,,,,,,,,
SAT-1551__SAT-42,SAT-1551,SAT-42,S-42,building,satellite,satellite,,,True,42,24,32a08982baea125f60feb95fe0a04dfe450ec9c12ee846384cbadd8ff6c5661c,research-v1,cb0c6b774471ad3314354041c8fa6aae7d49a9bb,245.14195299707353,631.1810000042897,11501.28173828125,0.1391696333885193,0.10490918159484863,0.6582620143890381,0.2390531599521637,0.3023354113101959,0.5757261514663696,262144,0.050853729248046875,0.01821136474609375,0.0,0.36105107496303035,0.6648512777545036,0.44138506466416355,0.5305474300041788,,official_human_vectors,3174,1600,4017,,withheld_metadata_conflict,,,,,,,,,,,,,,,,,,,,,
SAT-1551__SAT-1551,SAT-1551,SAT-1551,S-1551,building,satellite,satellite,,,True,42,24,32a08982baea125f60feb95fe0a04dfe450ec9c12ee846384cbadd8ff6c5661c,research-v1,cb0c6b774471ad3314354041c8fa6aae7d49a9bb,245.50202197860926,612.9827499971725,11501.28173828125,0.09765065461397171,0.10935834050178528,0.7173684239387512,0.1841021478176117,0.30938076972961426,0.6195937395095825,262144,0.0518035888671875,0.024097442626953125,0.00031280517578125,0.45937770095073466,0.6731043216716796,0.591294673897928,0.6295528575658869,,official_human_vectors,4252,2065,2939,,withheld_metadata_conflict,,,,,,,,,,,,,,,,,,,,,
SAT-1551__SW-43,SAT-1551,SW-43,SW-43,wrong,satellite,satellite,,,True,42,24,32a08982baea125f60feb95fe0a04dfe450ec9c12ee846384cbadd8ff6c5661c,research-v1,cb0c6b774471ad3314354041c8fa6aae7d49a9bb,245.82060903776437,674.588958005188,11501.28173828125,0.42309918999671936,0.23377591371536255,0.8827846050262451,0.6936354637145996,0.7198140025138855,0.7434285879135132,262144,0.6652946472167969,0.5001182556152344,0.08882904052734375,0.0,0.0,0.0,0.0,,official_human_vectors,0,131103,7191,,withheld_metadata_conflict,,,,,,,,,,,,,,,,,,,,,
SAT-1551__SW-3725,SAT-1551,SW-3725,SW-3725,wrong,satellite,satellite,,,True,42,24,32a08982baea125f60feb95fe0a04dfe450ec9c12ee846384cbadd8ff6c5661c,research-v1,cb0c6b774471ad3314354041c8fa6aae7d49a9bb,243.89412894379348,639.4175000023097,11501.28173828125,0.4546370208263397,0.2150992453098297,0.86312335729599,0.679675817489624,0.6975465416908264,0.7163833975791931,262144,0.7006721496582031,0.5487098693847656,0.041851043701171875,0.0,0.0,0.0,0.0,,official_human_vectors,0,143841,7191,,withheld_metadata_conflict,,,,,,,,,,,,,,,,,,,,,
SAT-1551__P1-1m,SAT-1551,P1-1m,P1,building,satellite,urban,1.0,,True,42,24,32a08982baea125f60feb95fe0a04dfe450ec9c12ee846384cbadd8ff6c5661c,research-v1,cb0c6b774471ad3314354041c8fa6aae7d49a9bb,244.85003796871752,649.1090840136167,11501.28173828125,0.14280971884727478,0.12031948566436768,0.685515284538269,0.30551469326019287,0.3538515269756317,0.463912695646286,262144,0.10811614990234375,0.006786346435546875,0.0,0.2,0.8403597526700394,0.20789876234181615,0.3333333333333333,,official_human_vectors,1495,284,5696,,withheld_metadata_conflict,,,,,,,,,,,,,,,,,,,,,
SAT-3725__SAT-42,SAT-3725,SAT-42,S-42,building,satellite,satellite,,,True,42,24,32a08982baea125f60feb95fe0a04dfe450ec9c12ee846384cbadd8ff6c5661c,research-v1,cb0c6b774471ad3314354041c8fa6aae7d49a9bb,248.24961402919143,621.585207991302,11501.28173828125,0.10113876312971115,0.15629342198371887,0.7182607054710388,0.36716362833976746,0.5012381076812744,0.6484512686729431,262144,0.12285995483398438,0.05051422119140625,0.00054931640625,0.5076045627376425,0.6048935206162211,0.7593856655290102,0.6733921815889029,,official_human_vectors,8010,5232,2538,,withheld_metadata_conflict,,,,,,,,,,,,,,,,,,,,,
SAT-3725__SAT-1551,SAT-3725,SAT-1551,S-1551,building,satellite,satellite,,,True,42,24,32a08982baea125f60feb95fe0a04dfe450ec9c12ee846384cbadd8ff6c5661c,research-v1,cb0c6b774471ad3314354041c8fa6aae7d49a9bb,244.85472997184843,618.6714170034975,11501.28173828125,0.10338783264160156,0.16500531136989594,0.730431318283081,0.40600621700286865,0.5175083875656128,0.6420173048973083,262144,0.13857269287109375,0.059123992919921875,0.00153350830078125,0.5144485144485145,0.5708755403574424,0.838832006067501,0.6793872614888471,,official_human_vectors,8848,6651,1700,,withheld_metadata_conflict,,,,,,,,,,,,,,,,,,,,,
SAT-3725__SW-43,SAT-3725,SW-43,SW-43,wrong,satellite,satellite,,,True,42,24,32a08982baea125f60feb95fe0a04dfe450ec9c12ee846384cbadd8ff6c5661c,research-v1,cb0c6b774471ad3314354041c8fa6aae7d49a9bb,243.84134309366345,648.3293749915902,11501.28173828125,0.3061767816543579,0.22537781298160553,0.7534363269805908,0.6167975664138794,0.6456990838050842,0.712119996547699,262144,0.4268646240234375,0.3183174133300781,0.01766204833984375,0.0,0.0,0.0,0.0,,official_human_vectors,0,83445,10548,,withheld_metadata_conflict,,,,,,,,,,,,,,,,,,,,,
SAT-3725__SW-3725,SAT-3725,SW-3725,SW-3725,wrong,satellite,satellite,,,True,42,24,32a08982baea125f60feb95fe0a04dfe450ec9c12ee846384cbadd8ff6c5661c,research-v1,cb0c6b774471ad3314354041c8fa6aae7d49a9bb,243.89225500635803,633.7335829739459,11501.28173828125,0.3221363127231598,0.1880091279745102,0.6852328181266785,0.5776068568229675,0.6148281693458557,0.6609348058700562,262144,0.46502685546875,0.2759819030761719,0.0,0.0,0.0,0.0,0.0,,official_human_vectors,0,72347,10548,,withheld_metadata_conflict,,,,,,,,,,,,,,,,,,,,,
SAT-3725__P1-1m,SAT-3725,P1-1m,P1,building,satellite,urban,1.0,,True,42,24,32a08982baea125f60feb95fe0a04dfe450ec9c12ee846384cbadd8ff6c5661c,research-v1,cb0c6b774471ad3314354041c8fa6aae7d49a9bb,245.52879005204886,650.4724580154289,11501.28173828125,0.08542630076408386,0.16251957416534424,0.8528317213058472,0.3152298927307129,0.5278741717338562,0.6978371739387512,262144,0.10406494140625,0.055816650390625,0.009521484375,0.5615503875968992,0.6188490978676873,0.8584565794463406,0.7192216044479746,,official_human_vectors,9055,5577,1493,,withheld_metadata_conflict,,,,,,,,,,,,,,,,,,,,,
